F641;"Municipal and City Level Small Area Poverty Estimates;  2018 and 2021";;;;;;;;;
PSGC;Region/Province;Municipality/City;Poverty Incidence;;Coefficient of Variation;;90% Confidence Interval;;;
;;;;;;;;;;
;;;2018;2021;2018;2021;2018;;2021;
ID;;;;;;;Lower Limit;Upper Limit;Lower Limit;Upper Limit
;National Capital Region (NCR);;;;;;;;;
133901;1st district;Tondo;3,8;2,1;15,7;9,4;2,8;4,7;1,8;2,5
133902;;Binondo;1,5;1,3;23,0;27,3;0,9;2,1;0,7;2,0
133903;;Quiapo;4,0;2,6;18,7;19,3;2,8;5,3;1,8;3,4
133904;;San Nicolas;4,0;2,7;30,3;21,7;2,0;6,0;1,7;3,7
133905;;Santa Cruz;2,4;2,0;11,9;10,9;1,9;2,8;1,7;2,4
133906;;Sampaloc;2,0;1,7;9,6;8,2;1,7;2,3;1,5;1,9
133907;;San Miguel;4,6;2,6;19,6;25,9;3,1;6,1;1,5;3,7
133908;;Ermita;2,9;2,1;15,7;22,0;2,1;3,6;1,3;2,9
133909;;Intramuros;4,3;1,7;26,9;35,5;2,4;6,2;0,7;2,7
133910;;Malate;2,7;1,7;11,9;15,8;2,2;3,2;1,3;2,2
133911;;Paco;1,9;2,1;13,9;11,4;1,4;2,3;1,7;2,4
133912;;Pandacan;2,2;1,9;13,0;15,0;1,7;2,6;1,4;2,4
133913;;Port Area;6,5;1,3;38,7;65,8;2,4;10,6;0,0;2,6
133914;;Santa Ana;2,4;1,9;12,5;11,2;1,9;2,9;1,6;2,3
;Cordillera Administrative Region (CAR);;;;;;;;;
140101;Abra;Bangued;8,9;18,3;11,9;5,2;7,2;10,6;16,7;19,9
140102;;Boliney;33,0;5,6;13,5;5,3;25,7;40,3;5,1;6,1
140103;;Bucay;20,4;10,1;11,5;5,4;16,6;24,3;9,2;11,0
140104;;Bucloc;21,2;7,0;22,1;6,4;13,5;28,9;6,3;7,7
140105;;Daguioman;24,7;18,7;19,9;5,8;16,6;32,9;16,9;20,5
140106;;Danglas;23,2;8,7;13,6;9,7;18,0;28,4;7,3;10,1
140107;;Dolores;15,7;12,2;15,7;11,4;11,6;19,7;9,9;14,4
140108;;La Paz;19,8;36,1;13,6;9,6;15,4;24,3;30,4;41,8
140109;;Lacub;37,7;15,7;13,1;11,8;29,5;45,8;12,6;18,7
140110;;Lagangilang;19,4;13,8;10,8;25,1;15,9;22,8;8,1;19,5
140111;;Lagayan;32,9;25,7;14,6;16,9;25,0;40,8;18,5;32,8
140112;;Langiden;24,0;15,8;16,4;19,4;17,5;30,5;10,7;20,8
140113;;Licuan-Baay (Licuan);23,3;15,7;11,8;13,8;18,8;27,9;12,2;19,3
140114;;Luba;21,6;22,8;16,0;7,3;15,9;27,3;20,1;25,6
140115;;Malibcong;18,4;47,4;16,0;9,1;13,6;23,3;40,3;54,6
140116;;Manabo;16,7;18,2;18,0;13,5;11,8;21,7;14,2;22,2
140117;;Peñarrubia;16,2;23,4;16,6;14,5;11,8;20,6;17,9;29,0
140118;;Pidigan;15,2;22,3;13,9;17,1;11,8;18,7;16,1;28,6
140119;;Pilar;19,3;26,9;13,7;10,0;14,9;23,7;22,5;31,3
140120;;Sallapadan;20,0;17,2;17,1;19,2;14,4;25,6;11,8;22,6
140121;;San Isidro;20,3;21,9;14,0;15,0;15,6;25,0;16,5;27,3
140122;;San Juan;22,2;18,1;10,2;16,3;18,5;25,9;13,3;23,0
140123;;San Quintin;14,8;22,3;19,6;12,6;10,0;19,6;17,7;27,0
140124;;Tayum;17,9;13,5;15,0;13,0;13,5;22,4;10,6;16,3
140125;;Tineg;36,4;19,8;10,2;11,4;30,3;42,5;16,1;23,5
140126;;Tubo;23,6;20,2;12,0;15,6;19,0;28,2;15,0;25,4
140127;;Villaviciosa;19,9;19,1;17,0;18,1;14,4;25,5;13,4;24,8
141101;Benguet;Atok;18,7;17,0;12,4;13,7;14,8;22,5;13,2;20,9
141103;;Bakun;17,9;15,9;18,6;14,0;12,4;23,4;12,2;19,5
141104;;Bokod;9,9;43,0;17,5;13,0;7,0;12,7;33,8;52,2
141105;;Buguias;9,4;26,2;15,6;14,9;7,0;11,9;19,8;32,6
141106;;Itogon;6,9;14,4;19,6;18,9;4,7;9,1;10,0;18,9
141107;;Kabayan;19,1;11,3;14,2;17,0;14,7;23,6;8,2;14,5
141108;;Kapangan;17,3;2,5;10,5;9,4;14,3;20,3;2,1;2,9
141109;;Kibungan;28,1;7,9;12,7;23,8;22,2;33,9;4,8;11,0
141110;;La Trinidad;2,3;7,1;21,7;20,7;1,5;3,1;4,7;9,5
141111;;Mankayan;10,4;10,1;16,2;12,0;7,6;13,1;8,1;12,1
141112;;Sablan;8,7;10,6;16,9;13,5;6,3;11,1;8,2;12,9
141113;;Tuba;7,0;13,8;18,3;11,5;4,9;9,1;11,2;16,5
141114;;Tublay;13,2;8,7;16,1;17,6;9,7;16,7;6,2;11,2
142701;Ifugao;Banaue;19,2;12,0;9,8;21,0;16,1;22,3;7,9;16,2
142702;;Hungduan;21,2;4,1;11,9;10,7;17,1;25,4;3,4;4,8
142703;;Kiangan;14,9;10,6;10,9;15,1;12,2;17,5;7,9;13,2
142704;;Lagawe;12,2;5,6;9,7;27,3;10,3;14,2;3,1;8,2
142705;;Lamut;11,7;7,6;13,4;12,1;9,1;14,3;6,1;9,1
142706;;Mayoyao;17,4;9,1;9,4;14,9;14,7;20,1;6,9;11,4
142707;;Alfonso Lista (Potia);16,4;9,5;10,9;13,7;13,5;19,3;7,3;11,6
142708;;Aguinaldo;24,7;7,7;11,5;22,4;20,0;29,4;4,9;10,6
142709;;Hingyon;23,0;11,6;11,6;12,0;18,6;27,5;9,3;13,8
142710;;Tinoc;27,0;4,4;11,3;18,7;21,9;32,0;3,0;5,7
142711;;Asipulo;32,0;8,6;11,8;10,3;25,8;38,3;7,1;10,0
143201;Kalinga;Balbalan;16,0;10,1;13,4;13,0;12,4;19,5;7,9;12,2
143206;;Lubuagan;20,2;7,5;11,2;12,9;16,5;24,0;5,9;9,1
143208;;Pasil;18,2;11,7;11,0;15,8;14,9;21,4;8,7;14,7
143209;;Pinukpuk;20,3;12,0;8,7;15,1;17,4;23,2;9,0;14,9
143211;;Rizal (Liwan);11,9;16,4;14,2;9,8;9,1;14,6;13,7;19,0
143213;;City of Tabuk;10,6;14,5;10,5;18,6;8,8;12,4;10,1;19,0
143214;;Tanudan;22,3;9,2;11,8;18,1;18,0;26,6;6,5;12,0
143215;;Tinglayan;27,7;7,8;9,0;17,6;23,6;31,8;5,6;10,1
144401;Mountain Province;Barlig;14,4;9,7;17,0;16,4;10,4;18,5;7,1;12,4
144402;;Bauko;21,8;11,0;10,0;12,1;18,2;25,3;8,8;13,2
144403;;Besao;16,6;6,8;12,1;13,8;13,3;19,9;5,3;8,4
144404;;Bontoc;10,0;4,5;15,2;9,9;7,5;12,5;3,8;5,2
144405;;Natonin;23,1;15,1;14,4;14,4;17,6;28,6;11,5;18,7
144406;;Paracelis;30,6;9,3;10,3;15,7;25,5;35,8;6,9;11,7
144407;;Sabangan;14,0;17,3;13,0;14,4;11,0;17,1;13,2;21,5
144408;;Sadanga;21,7;18,6;13,2;9,4;17,0;26,4;15,7;21,5
144409;;Sagada;12,6;19,7;15,4;13,8;9,4;15,8;15,2;24,2
144410;;Tadian;18,1;7,9;10,5;14,5;15,0;21,2;6,0;9,8
148101;Apayao;Calanasan (Bayag);29,8;27,4;11,0;9,3;24,4;35,2;23,2;31,6
148102;;Conner;23,7;24,9;8,5;9,4;20,3;27,0;21,1;28,8
148103;;Flora;17,8;17,3;13,1;12,4;14,0;21,6;13,8;20,8
148104;;Kabugao;35,3;19,1;10,4;12,1;29,3;41,4;15,3;22,9
148105;;Luna;13,9;14,4;12,8;13,5;11,0;16,8;11,2;17,6
148106;;Pudtol;21,0;20,5;9,7;9,9;17,7;24,4;17,1;23,8
148107;;Santa Marcela;12,2;12,2;16,4;21,5;8,9;15,5;7,9;16,5
;Region I (Ilocos Region);;;;;;;;;
12801;Ilocos Norte;Adams;5,6;9,2;80,3;52,9;0,0;13,0;1,2;17,2
12802;;Bacarra;3,4;5,8;19,0;15,6;2,4;4,5;4,3;7,3
12803;;Badoc;5,7;8,8;18,5;12,6;3,9;7,4;7,0;10,6
12804;;Bangui;4,7;6,1;25,5;18,0;2,8;6,7;4,3;7,9
12805;;City of Batac;4,1;4,0;18,1;15,3;2,9;5,4;3,0;5,0
12806;;Burgos;4,4;6,2;29,4;19,4;2,2;6,5;4,2;8,2
12807;;Carasi;6,7;6,0;58,0;40,7;0,3;13,1;2,0;10,0
12808;;Currimao;4,3;5,0;24,2;20,6;2,6;6,0;3,3;6,7
12809;;Dingras;6,0;8,2;17,9;12,4;4,3;7,8;6,5;9,9
12810;;Dumalneg;7,2;9,1;60,3;29,0;0,1;14,3;4,7;13,4
12811;;Banna;6,1;8,7;19,9;16,2;4,1;8,1;6,4;11,0
12812;;City of Laoag;2,4;3,4;19,5;16,4;1,6;3,1;2,5;4,3
12813;;Marcos;5,0;8,0;26,0;18,9;2,9;7,1;5,5;10,5
12814;;Nueva Era;6,1;7,2;30,2;17,7;3,1;9,1;5,1;9,3
12815;;Pagudpud;5,7;8,2;23,6;18,6;3,5;7,9;5,7;10,7
12816;;Paoay;4,5;4,8;22,0;17,7;2,9;6,1;3,4;6,2
12817;;Pasuquin;5,5;6,2;20,9;15,3;3,6;7,3;4,6;7,7
12818;;Piddig;5,6;7,7;21,7;14,3;3,6;7,6;5,9;9,6
12819;;Pinili;6,0;7,3;20,8;15,2;4,0;8,1;5,5;9,2
12820;;San Nicolas;2,9;4,2;32,7;17,3;1,4;4,5;3,0;5,3
12821;;Sarrat;4,7;5,5;23,0;15,0;2,9;6,4;4,2;6,9
12822;;Solsona;6,2;7,3;25,2;17,4;3,6;8,8;5,2;9,3
12823;;Vintar;4,2;6,6;21,3;13,3;2,7;5,6;5,2;8,1
12901;Ilocos Sur;Alilem;8,7;22,6;24,7;14,3;5,2;12,2;17,3;28,0
12902;;Banayoyo;6,1;12,5;30,4;19,8;3,0;9,1;8,4;16,6
12903;;Bantay;3,2;12,0;25,5;11,4;1,9;4,5;9,7;14,3
12904;;Burgos;6,5;18,6;21,1;9,6;4,2;8,7;15,7;21,5
12905;;Cabugao;6,6;18,2;17,1;8,5;4,8;8,5;15,7;20,8
12906;;City of Candon;5,6;15,6;16,6;7,9;4,1;7,1;13,6;17,6
12907;;Caoayan;4,1;12,5;27,7;12,2;2,2;5,9;10,0;15,0
12908;;Cervantes;11,2;22,8;21,8;11,5;7,2;15,2;18,5;27,1
12909;;Galimuyod;6,9;15,2;21,4;12,4;4,5;9,3;12,1;18,3
12910;;Gregorio del Pilar;9,7;19,3;24,6;17,8;5,8;13,7;13,7;25,0
12911;;Lidlidda;6,8;14,2;29,7;16,4;3,5;10,1;10,4;18,0
12912;;Magsingal;4,4;18,0;24,0;9,8;2,7;6,2;15,1;20,9
12913;;Nagbukel;6,5;20,4;26,7;12,6;3,7;9,4;16,2;24,7
12914;;Narvacan;6,2;16,1;17,2;9,0;4,5;8,0;13,7;18,5
12915;;Quirino;11,0;22,9;21,8;12,0;7,0;14,9;18,4;27,5
12916;;Salcedo;7,4;20,6;20,0;9,4;5,0;9,8;17,4;23,8
12917;;San Emilio;10,8;21,6;26,1;16,8;6,2;15,4;15,7;27,6
12918;;San Esteban;4,8;14,1;33,7;15,1;2,2;7,5;10,6;17,6
12919;;San Ildefonso;3,8;10,5;26,6;16,2;2,2;5,5;7,7;13,4
12920;;San Juan;4,9;16,6;14,0;9,5;3,7;6,0;14,0;19,2
12921;;San Vicente;3,3;10,4;39,9;22,8;1,1;5,5;6,5;14,3
12922;;Santa;4,8;13,1;27,4;10,4;2,6;6,9;10,9;15,4
12923;;Santa Catalina;5,9;10,1;32,5;23,7;2,7;9,0;6,1;14,0
12924;;Santa Cruz;6,9;19,2;14,1;6,6;5,3;8,6;17,1;21,2
12925;;Santa Lucia;6,3;15,9;16,2;9,0;4,6;8,0;13,5;18,3
12926;;Santa Maria;4,7;15,8;18,0;10,5;3,3;6,1;13,0;18,5
12927;;Santiago;5,7;16,5;22,6;11,4;3,6;7,8;13,4;19,6
12928;;Santo Domingo;4,3;12,9;19,5;10,8;2,9;5,7;10,6;15,2
12929;;Sigay;9,5;18,3;31,3;24,8;4,6;14,3;10,8;25,7
12930;;Sinait;5,6;17,7;19,3;9,9;3,9;7,4;14,8;20,6
12931;;Sugpon;10,1;34,2;29,1;12,6;5,3;14,9;27,1;41,3
12932;;Suyo;7,9;19,3;29,3;13,3;4,1;11,7;15,1;23,6
12933;;Tagudin;6,4;17,2;15,9;8,4;4,7;8,1;14,8;19,6
12934;;City of Vigan;2,4;8,7;23,6;15,3;1,5;3,4;6,5;10,9
13301;La Union;Agoo;3,3;8,7;18,4;8,2;2,3;4,3;7,5;9,8
13302;;Aringay;4,4;10,7;21,9;11,2;2,8;6,0;8,8;12,7
13303;;Bacnotan;1,5;6,5;30,8;11,6;0,7;2,2;5,3;7,8
13304;;Bagulin;5,5;16,2;34,7;16,2;2,4;8,6;11,9;20,5
13305;;Balaoan;3,2;9,5;20,9;9,9;2,1;4,3;7,9;11,0
13306;;Bangar;3,8;10,0;24,5;12,2;2,3;5,4;8,0;12,0
13307;;Bauang;3,1;7,5;21,9;10,8;2,0;4,2;6,2;8,9
13308;;Burgos;4,0;10,7;39,0;17,7;1,5;6,6;7,6;13,8
13309;;Caba;3,1;10,5;33,8;13,9;1,4;4,8;8,1;12,9
13310;;Luna;3,3;8,7;18,8;9,7;2,3;4,3;7,3;10,1
13311;;Naguilian;2,8;9,0;19,9;9,9;1,9;3,7;7,5;10,5
13312;;Pugo;3,2;10,0;31,0;12,1;1,6;4,8;8,0;12,0
13313;;Rosario;3,6;10,7;20,3;9,7;2,4;4,7;9,0;12,4
13314;;City of San Fernando;1,3;5,1;29,9;13,3;0,6;1,9;4,0;6,2
13315;;San Gabriel;5,8;13,5;25,4;15,2;3,4;8,2;10,1;16,9
13316;;San Juan;1,8;7,3;29,7;11,1;0,9;2,7;6,0;8,6
13317;;Santo Tomas;3,4;10,5;24,3;11,3;2,0;4,7;8,6;12,5
13318;;Santol;5,3;16,9;26,9;14,5;3,0;7,7;12,9;21,0
13319;;Sudipen;4,0;11,3;26,1;12,5;2,3;5,6;9,0;13,6
13320;;Tubao;3,7;10,8;26,8;12,3;2,1;5,3;8,6;12,9
15501;Pangasinan;Agno;11,7;23,2;19,9;9,7;7,9;15,5;19,5;26,9
15502;;Aguilar;16,2;21,3;13,8;9,5;12,5;19,9;18,0;24,7
15503;;City of Alaminos;7,8;17,5;16,4;7,9;5,7;9,8;15,2;19,8
15504;;Alcala;12,2;17,1;15,2;10,4;9,2;15,3;14,2;20,1
15505;;Anda;12,4;21,4;15,6;9,7;9,2;15,6;18,0;24,8
15506;;Asingan;10,4;15,7;15,6;10,4;7,8;13,1;13,0;18,3
15507;;Balungo;9,5;15,7;16,4;11,7;6,9;12,1;12,6;18,7
15508;;Bani;10,6;20,0;14,6;8,8;8,1;13,1;17,1;22,9
15509;;Basista;14,5;18,5;16,4;11,9;10,6;18,4;14,9;22,2
15510;;Bautista;14,8;17,6;15,6;12,5;11,0;18,6;14,0;21,2
15511;;Bayambang;14,7;19,4;8,5;5,9;12,6;16,7;17,5;21,3
15512;;Binalonan;6,9;13,5;19,7;11,9;4,7;9,2;10,9;16,1
15513;;Binmaley;6,6;15,2;18,3;9,8;4,6;8,5;12,8;17,7
15514;;Bolinao;16,3;23,8;12,5;8,0;12,9;19,6;20,7;26,9
15515;;Bugallon;15,3;19,5;13,2;8,6;12,0;18,6;16,7;22,2
15516;;Burgos;12,3;19,9;16,7;11,6;8,9;15,6;16,1;23,7
15517;;Calasiao;7,8;14,7;17,3;11,1;5,6;10,0;12,0;17,4
15518;;City of Dagupan;9,2;14,4;18,3;11,7;6,4;12,0;11,6;17,2
15519;;Dasol;13,1;23,0;14,6;9,2;10,0;16,3;19,5;26,4
15520;;Infanta;12,8;21,0;17,8;13,0;9,0;16,5;16,5;25,5
15521;;Labrador;10,5;17,3;24,1;13,1;6,3;14,6;13,6;21,0
15522;;Lingayen;8,6;15,6;15,7;9,8;6,4;10,8;13,1;18,2
15523;;Mabini;12,5;23,3;18,2;9,5;8,7;16,2;19,6;27,0
15524;;Malasiqui;13,3;19,3;8,6;6,4;11,4;15,2;17,3;21,4
15525;;Manaoag;9,4;18,1;17,5;9,7;6,7;12,1;15,2;21,0
15526;;Mangaldan;9,0;14,1;15,5;9,2;6,7;11,3;12,0;16,3
15527;;Mangatarem;14,6;21,9;8,9;5,7;12,5;16,8;19,8;23,9
15528;;Mapandan;12,2;14,3;17,4;13,7;8,7;15,7;11,1;17,5
15529;;Natividad;11,4;16,1;15,9;11,5;8,5;14,4;13,0;19,1
15530;;Pozorrubio;7,7;13,2;17,5;9,8;5,5;9,9;11,1;15,3
15531;;Rosales;11,8;16,0;12,3;9,6;9,5;14,2;13,5;18,5
15532;;City of San Carlos;12,7;17,9;9,0;6,3;10,9;14,6;16,1;19,8
15533;;San Fabian;11,5;17,2;12,2;9,0;9,2;13,8;14,6;19,8
15534;;San Jacinto;13,3;16,8;13,5;10,1;10,4;16,3;14,0;19,6
15535;;San Miguel;8,8;17,2;24,7;12,1;5,2;12,3;13,8;20,6
15536;;San Nicolas;12,9;15,7;13,5;10,0;10,0;15,7;13,1;18,3
15537;;San Quintin;11,7;18,6;16,3;10,5;8,6;14,8;15,4;21,9
15538;;Santa Barbara;10,0;16,8;16,3;10,1;7,3;12,7;14,0;19,6
15539;;Santa Maria;11,1;14,5;15,3;10,1;8,3;13,9;12,1;16,9
15540;;Santo Tomas;10,7;15,3;24,8;19,3;6,3;15,1;10,5;20,2
15541;;Sison;12,3;16,0;12,7;10,3;9,8;14,9;13,3;18,7
15542;;Sual;10,1;22,7;20,0;11,0;6,8;13,4;18,6;26,8
15543;;Tayug;8,1;14,4;18,2;9,9;5,7;10,5;12,0;16,7
15544;;Umingan;12,8;19,0;9,6;6,9;10,8;14,8;16,8;21,1
15545;;Urbiztondo;18,4;24,1;13,9;9,2;14,2;22,6;20,4;27,7
15546;;City of Urdaneta;8,4;16,3;17,3;8,8;6,0;10,8;13,9;18,7
15547;;Villasis;11,8;17,8;16,9;11,0;8,5;15,0;14,6;21,0
15548;;Laoac;11,2;16,8;14,3;9,5;8,5;13,8;14,1;19,4
;Region II (Cagayan Valley);;;;;;;;;
20901;Batanes;Basco;7,0;4,4;27,3;26,6;3,9;10,2;2,4;6,3
20902;;Itbayat;30,9;12,0;15,0;20,4;23,3;38,5;8,0;16,0
20903;;Ivana;7,0;5,7;43,0;45,6;2,1;12,0;1,4;9,9
20904;;Mahatao;17,8;7,8;25,1;33,8;10,5;25,2;3,5;12,2
20905;;Sabtang;21,7;6,6;17,3;39,5;15,5;27,9;2,3;10,9
20906;;Uyugan;13,2;5,9;29,4;50,2;6,8;19,6;1,0;10,8
21501;Cagayan;Abulug;14,8;10,7;14,4;14,6;11,3;18,3;8,2;13,3
21502;;Alcala;14,7;12,6;12,6;11,7;11,6;17,7;10,2;15,0
21503;;Allacapan;11,5;13,3;14,0;12,9;8,8;14,1;10,5;16,2
21504;;Amulung;15,5;15,5;11,5;10,2;12,5;18,4;12,9;18,1
21505;;Aparri;13,3;14,4;12,8;13,8;10,5;16,1;11,2;17,7
21506;;Baggao;13,5;13,5;12,5;10,8;10,7;16,2;11,1;15,8
21507;;Ballesteros;13,0;9,7;16,9;11,9;9,4;16,7;7,8;11,6
21508;;Buguey;15,3;11,8;12,8;13,3;12,1;18,5;9,2;14,3
21509;;Calayan;42,2;22,6;10,8;18,5;34,7;49,7;15,7;29,4
21510;;Camalaniugan;13,5;10,0;13,9;16,4;10,4;16,6;7,3;12,7
21511;;Claveria;11,1;6,5;14,4;15,9;8,5;13,8;4,8;8,2
21512;;Enrile;10,2;11,1;16,7;15,2;7,4;13,0;8,3;13,9
21513;;Gattaran;16,7;13,6;10,6;11,4;13,8;19,6;11,1;16,2
21514;;Gonzaga;12,2;10,6;13,5;13,2;9,5;14,9;8,3;12,9
21515;;Iguig;11,1;10,8;15,7;13,8;8,2;14,0;8,3;13,2
21516;;Lal-lo;13,5;10,5;11,4;12,8;11,0;16,0;8,3;12,7
21517;;Lasam;14,3;11,2;12,3;11,7;11,4;17,2;9,0;13,3
21518;;Pamplona;16,4;12,0;14,2;15,9;12,6;20,2;8,8;15,1
21519;;Peñablanca;27,7;10,2;13,2;14,0;21,7;33,7;7,8;12,5
21520;;Piat;12,9;9,9;17,8;14,0;9,1;16,6;7,6;12,2
21521;;Rizal;32,2;20,0;11,1;14,1;26,3;38,0;15,3;24,6
21522;;Sanchez-Mira;8,3;8,1;19,0;17,2;5,7;10,9;5,8;10,4
21523;;Santa Ana;13,9;13,2;16,9;14,8;10,0;17,7;10,0;16,4
21524;;Santa Praxedes;12,2;7,9;24,1;25,1;7,4;17,1;4,7;11,2
21525;;Santa Teresita;11,8;9,7;18,0;19,6;8,3;15,3;6,6;12,8
21526;;Santo Niño;16,7;15,5;12,9;12,8;13,2;20,3;12,3;18,8
21527;;Solana;10,7;12,2;14,7;12,1;8,1;13,3;9,8;14,7
21528;;Tuao;11,8;10,7;12,7;13,8;9,3;14,2;8,3;13,2
21529;;Tuguegarao City;4,2;4,9;17,2;13,5;3,0;5,4;3,8;5,9
23101;Isabela;Alicia;12,6;14,1;11,7;10,5;10,2;15,0;11,6;16,5
23102;;Angadanan;14,3;15,6;9,4;9,9;12,1;16,5;13,1;18,2
23103;;Aurora;11,2;13,2;13,4;12,6;8,8;13,7;10,5;15,9
23104;;Benito Soliven;19,7;20,5;11,9;11,3;15,9;23,6;16,7;24,3
23105;;Burgos;18,2;14,0;17,4;20,3;13,0;23,5;9,4;18,7
23106;;Cabagan;14,7;16,4;10,2;11,1;12,2;17,2;13,4;19,4
23107;;Cabatuan;11,0;11,1;14,8;12,9;8,3;13,7;8,7;13,4
23108;;City of Cauayan;12,6;14,4;11,2;8,5;10,3;14,9;12,4;16,4
23109;;Cordon;18,9;13,6;11,8;12,8;15,3;22,6;10,7;16,5
23110;;Dinapigue;44,8;18,9;17,6;26,4;31,9;57,8;10,7;27,2
23111;;Divilacan;47,6;24,6;10,9;15,1;39,1;56,1;18,5;30,7
23112;;Echague;15,0;13,4;9,3;8,6;12,7;17,3;11,5;15,3
23113;;Gamu;15,3;13,9;17,8;15,8;10,8;19,7;10,3;17,5
23114;;City of Ilagan;13,9;14,0;9,5;8,8;11,7;16,0;12,0;16,0
23115;;Jones;13,3;12,9;13,3;11,9;10,4;16,3;10,4;15,4
23116;;Luna;12,7;10,5;16,4;15,0;9,3;16,1;7,9;13,1
23117;;Maconacon;39,0;20,8;13,6;15,1;30,3;47,8;15,7;26,0
23118;;Delfin Albano;17,0;11,9;13,3;13,3;13,3;20,7;9,3;14,5
23119;;Mallig;16,3;15,3;13,3;13,9;12,8;19,9;11,8;18,8
23120;;Naguilian;14,2;14,6;13,5;13,0;11,0;17,3;11,5;17,7
23121;;Palanan;31,3;29,6;9,8;14,6;26,3;36,3;22,5;36,7
23122;;Quezon;22,7;17,4;14,5;13,9;17,3;28,2;13,4;21,3
23123;;Quirino;15,6;13,0;16,5;15,2;11,4;19,8;9,7;16,2
23124;;Ramon;13,4;15,0;13,7;14,9;10,4;16,4;11,3;18,6
23125;;Reina Mercedes;15,0;13,3;14,8;13,9;11,3;18,6;10,2;16,3
23126;;Roxas;13,5;13,2;15,1;13,7;10,1;16,8;10,3;16,2
23127;;San Agustin;12,4;11,8;14,8;16,3;9,4;15,4;8,7;15,0
23128;;San Guillermo;27,2;22,1;12,7;11,7;21,5;32,9;17,8;26,3
23129;;San Isidro;12,0;13,5;19,0;18,1;8,2;15,7;9,5;17,6
23130;;San Manuel;13,7;14,8;16,6;12,9;10,0;17,4;11,7;18,0
23131;;San Mariano;23,1;25,0;9,8;10,9;19,4;26,8;20,5;29,5
23132;;San Mateo;10,7;11,6;13,7;12,7;8,3;13,1;9,1;14,0
23133;;San Pablo;18,8;19,5;16,2;13,0;13,8;23,8;15,3;23,6
23134;;Santa Maria;21,8;18,4;14,0;11,2;16,8;26,8;15,0;21,7
23135;;City of Santiago;12,3;12,8;12,4;9,7;9,8;14,9;10,8;14,8
23136;;Santo Tomas;22,7;17,4;12,6;12,8;18,0;27,4;13,7;21,0
23137;;Tumauini;21,2;16,8;9,6;9,7;17,8;24,5;14,1;19,5
25001;Nueva Vizcaya;Ambaguio;53,5;20,0;11,1;15,9;43,7;63,2;14,7;25,2
25002;;Aritao;15,8;11,1;8,8;11,8;13,5;18,1;9,0;13,3
25003;;Bagabag;8,7;11,1;18,7;11,6;6,0;11,3;9,0;13,2
25004;;Bambang;8,2;7,7;16,2;13,2;6,0;10,4;6,0;9,4
25005;;Bayombong;6,8;6,2;18,6;17,6;4,7;8,9;4,4;8,0
25006;;Diadi;14,3;13,0;14,9;14,5;10,8;17,9;9,9;16,1
25007;;Dupax del Norte;14,2;10,0;17,8;13,9;10,1;18,4;7,8;12,3
25008;;Dupax del Sur;16,0;11,0;15,0;14,4;12,0;19,9;8,4;13,6
25009;;Kasibu;21,7;19,7;12,2;10,9;17,3;26,0;16,1;23,2
25010;;Kayapa;29,2;20,9;12,6;11,9;23,1;35,2;16,8;25,0
25011;;Quezon;14,8;10,8;17,3;20,5;10,6;19,0;7,2;14,4
25012;;Santa Fe;17,7;16,2;14,6;12,7;13,4;21,9;12,8;19,6
25013;;Solano;7,0;6,4;19,7;16,4;4,7;9,2;4,7;8,1
25014;;Villaverde;12,5;7,2;18,9;23,2;8,6;16,4;4,5;10,0
25015;;Alfonso Castaneda;22,9;15,1;18,9;29,1;15,8;30,1;7,9;22,4
25701;Quirino;Aglipay;11,6;11,6;13,3;11,4;9,1;14,1;9,4;13,8
25702;;Cabarroguis;9,3;7,4;17,8;16,4;6,6;12,1;5,4;9,4
25703;;Diffun;10,6;10,1;13,9;10,2;8,2;13,1;8,4;11,7
25704;;Maddela;9,3;8,8;14,1;10,8;7,1;11,4;7,2;10,4
25705;;Saguday;9,9;6,9;23,6;22,3;6,1;13,8;4,4;9,4
25706;;Nagtipunan;22,3;16,7;16,9;12,7;16,1;28,5;13,2;20,2
;Region III (Central Luzon);;;;;;;;;
30801;Bataan;Abucay;5,3;7,8;21,5;13,0;3,4;7,2;6,2;9,5
30802;;Bagac;6,1;12,5;17,8;10,4;4,3;7,9;10,3;14,6
30803;;City of Balanga;3,4;7,0;17,7;15,4;2,4;4,4;5,2;8,8
30804;;Dinalupihan;6,4;11,1;12,3;9,8;5,1;7,6;9,3;12,9
30805;;Hermosa;9,0;13,6;13,5;10,4;7,0;11,0;11,3;15,9
30806;;Limay;7,2;10,5;18,8;11,9;5,0;9,4;8,4;12,6
30807;;Mariveles;4,9;10,6;19,6;11,2;3,3;6,5;8,7;12,6
30808;;Morong;10,0;16,4;18,2;12,2;7,0;13,0;13,1;19,7
30809;;Orani;6,7;8,8;12,6;11,4;5,3;8,0;7,1;10,4
30810;;Orion;8,5;9,8;15,5;13,5;6,3;10,7;7,6;12,0
30811;;Pilar;7,3;9,5;14,1;6,7;5,6;9,0;8,5;10,6
30812;;Samal;7,3;10,1;13,1;9,7;5,7;8,8;8,5;11,7
31401;Bulacan;Angat;4,6;16,5;16,5;9,7;3,4;5,9;13,9;19,1
31402;;Balagtas;3,4;14,8;32,0;17,7;1,6;5,2;10,5;19,1
31403;;City of Baliuag;4,0;11,2;14,1;9,7;3,1;4,9;9,4;13,0
31404;;Bocaue;7,5;15,1;17,7;13,9;5,3;9,7;11,7;18,6
31405;;Bulacan;4,0;12,0;18,5;15,2;2,8;5,2;9,0;15,1
31406;;Bustos;4,3;13,5;18,8;11,7;3,0;5,6;10,9;16,1
31407;;Calumpit;4,7;14,7;13,3;8,3;3,7;5,8;12,7;16,7
31408;;Guiguinto;5,5;11,4;16,2;9,3;4,0;6,9;9,6;13,1
31409;;Hagonoy;4,9;15,1;13,9;9,2;3,8;6,0;12,8;17,4
31410;;City of Malolos;2,9;9,0;13,3;11,7;2,3;3,6;7,3;10,7
31411;;Marilao;3,6;9,7;23,1;8,4;2,2;5,0;8,3;11,0
31412;;City of Meycauayan;5,2;12,6;14,5;7,1;3,9;6,4;11,2;14,1
31413;;Norzagaray;8,2;21,5;18,6;8,6;5,7;10,8;18,5;24,6
31414;;Obando;4,7;13,2;19,3;13,5;3,2;6,1;10,3;16,2
31415;;Pandi;7,1;21,0;13,3;10,1;5,5;8,6;17,5;24,5
31416;;Paombong;5,2;12,6;20,1;21,1;3,5;6,9;8,2;17,0
31417;;Plaridel;4,2;11,9;13,6;10,6;3,3;5,1;9,8;14,0
31418;;Pulilan;4,6;14,3;15,9;11,1;3,4;5,8;11,7;17,0
31419;;San Idelfonso;5,5;15,4;9,4;5,4;4,7;6,4;14,0;16,8
31420;;City of San Jose del Monte;4,6;15,5;13,8;7,0;3,6;5,7;13,7;17,3
31421;;San Miguel;6,5;18,0;10,6;5,7;5,4;7,7;16,3;19,8
31422;;San Rafael;4,5;12,7;12,6;7,1;3,5;5,4;11,2;14,2
31423;;Santa Maria;4,6;11,5;20,3;9,9;3,1;6,1;9,7;13,4
31424;;Doña Remedios Trinidad;11,4;31,7;18,5;16,8;8,0;14,9;22,9;40,5
34901;Nueva Ecija;Aliaga;6,7;13,8;11,6;7,0;5,4;8,0;12,2;15,4
34902;;Bongabon;5,5;15,0;16,1;7,8;4,0;6,9;13,1;16,9
34903;;City of Cabanatuan;3,1;8,2;11,5;6,6;2,5;3,7;7,3;9,1
34904;;Cabiao;5,7;14,3;12,4;13,6;4,5;6,9;11,1;17,4
34905;;Carranglan;7,7;20,3;15,8;10,2;5,7;9,7;16,8;23,7
34906;;Cuyapo;5,9;14,9;10,7;7,6;4,9;6,9;13,1;16,8
34907;;Gabaldon;7,1;17,4;17,3;13,8;5,1;9,2;13,4;21,4
34908;;City of Gapan;5,4;12,3;12,2;11,7;4,3;6,4;9,9;14,6
34909;;Gen Mamerto Natividad;6,7;13,5;14,9;11,7;5,1;8,4;10,9;16,1
34910;;Gen Tinio;5,1;12,6;28,2;21,8;2,7;7,5;8,1;17,1
34911;;Guimba;4,3;14,5;13,0;12,7;3,4;5,2;11,5;17,6
34912;;Jaen;4,1;10,7;17,9;10,1;2,9;5,4;8,9;12,4
34913;;Laur;5,7;15,8;16,0;6,3;4,2;7,2;14,2;17,4
34914;;Licab;7,7;11,7;15,7;31,0;5,7;9,6;5,7;17,7
34915;;Llanera;3,8;12,1;19,1;13,1;2,6;5,0;9,5;14,7
34916;;Lupao;5,8;16,3;17,3;8,8;4,1;7,4;13,9;18,7
34917;;Science City of Muñoz;5,5;10,6;11,1;9,2;4,5;6,5;9,0;12,2
34918;;Nampicuan;6,6;10,7;14,8;14,3;5,0;8,2;8,2;13,2
34919;;City of Palayan;5,8;12,6;14,1;8,8;4,5;7,2;10,8;14,5
34920;;Pantabangan;16,0;19,7;6,6;12,0;14,3;17,8;15,8;23,5
34921;;Peñaranda;4,3;15,6;24,0;11,3;2,6;5,9;12,7;18,5
34922;;Quezon;5,9;14,0;17,4;8,0;4,2;7,6;12,2;15,8
34923;;Rizal;7,4;14,0;13,7;12,1;5,7;9,0;11,2;16,8
34924;;San Antonio;5,8;14,8;20,3;10,8;3,9;7,7;12,1;17,4
34925;;San Isidro;4,6;9,0;18,4;11,9;3,2;6,0;7,3;10,8
34926;;San Jose City;4,6;12,2;13,7;9,4;3,6;5,7;10,4;14,1
34927;;San Leonardo;5,1;11,6;17,3;12,1;3,7;6,6;9,3;14,0
34928;;Santa Rosa;4,0;9,6;13,2;8,6;3,1;4,9;8,2;11,0
34929;;Santo Domingo;4,6;11,6;20,9;12,8;3,0;6,2;9,1;14,0
34930;;Talavera;4,4;10,1;11,5;9,4;3,6;5,3;8,5;11,7
34931;;Talugtug;5,3;12,9;13,6;13,5;4,1;6,5;10,0;15,7
34932;;Zaragoza;3,8;11,2;17,3;11,0;2,7;4,9;9,2;13,3
35402;Pampanga;Apalit;4,7;9,5;24,0;16,0;2,8;6,6;7,0;12,1
35403;;Arayat;6,4;16,2;12,5;12,1;5,1;7,7;13,0;19,4
35404;;Bacolor;3,6;6,5;19,6;17,6;2,5;4,8;4,6;8,3
35405;;Candaba;7,0;14,4;10,2;9,6;5,8;8,2;12,1;16,7
35406;;Floridablanca;2,9;9,4;14,0;10,7;2,3;3,6;7,7;11,0
35407;;Guagua;3,6;8,4;15,0;10,4;2,7;4,5;7,0;9,8
35408;;Lubao;3,6;10,5;11,4;8,7;2,9;4,3;9,0;12,0
35409;;Mabalacat City;4,4;8,1;15,0;5,1;3,3;5,5;7,4;8,7
35410;;Macabebe;5,5;13,0;13,1;10,7;4,3;6,7;10,7;15,2
35411;;Magalang;5,0;11,8;20,0;16,2;3,3;6,6;8,7;15,0
35412;;Masantol;10,2;18,8;9,4;16,1;8,7;11,8;13,8;23,7
35413;;Mexico;4,6;9,8;16,7;8,0;3,3;5,9;8,5;11,1
35414;;Minalin;6,2;10,7;14,5;22,5;4,7;7,6;6,7;14,7
35415;;Porac;5,6;11,1;13,8;14,9;4,3;6,9;8,4;13,9
35416;;City of San Fernando;3,6;7,2;14,7;9,5;2,7;4,5;6,1;8,4
35417;;San Luis;6,0;11,9;16,0;12,1;4,4;7,6;9,5;14,2
35418;;San Simon;5,6;11,8;16,9;17,4;4,0;7,1;8,5;15,2
35419;;Santa Ana;6,2;9,1;17,2;16,8;4,4;7,9;6,6;11,6
35420;;Santa Rita;4,1;8,4;25,1;16,2;2,4;5,8;6,2;10,7
35421;;Santo Tomas;4,3;9,2;25,2;10,0;2,5;6,0;7,7;10,8
35422;;Sasmuan;6,1;14,6;16,8;17,9;4,4;7,8;10,3;18,9
36901;Tarlac;Anao;5,2;12,0;19,6;14,1;3,5;6,9;9,2;14,8
36902;;Bamban;10,3;13,5;17,6;11,7;7,3;13,3;10,9;16,1
36903;;Camiling;6,3;10,4;10,1;5,3;5,2;7,3;9,4;11,3
36904;;Capas;8,7;11,4;16,0;9,6;6,4;11,0;9,6;13,2
36905;;Concepcion;9,9;13,3;8,9;6,0;8,4;11,3;12,0;14,6
36906;;Gerona;6,1;10,7;12,2;8,7;4,9;7,4;9,1;12,2
36907;;La Paz;10,4;15,1;11,6;13,4;8,4;12,3;11,8;18,4
36908;;Mayantoc;6,9;14,3;13,4;16,5;5,4;8,4;10,4;18,2
36909;;Moncada;7,3;12,4;12,0;7,6;5,8;8,7;10,9;13,9
36910;;Paniqui;4,6;9,8;15,1;8,6;3,4;5,7;8,5;11,2
36911;;Pura;5,6;12,1;15,4;10,6;4,2;7,0;10,0;14,3
36912;;Ramos;8,5;14,6;20,3;15,2;5,6;11,3;11,0;18,3
36913;;San Clemente;5,1;11,6;20,4;14,4;3,4;6,8;8,8;14,3
36914;;San Manuel;9,9;14,1;15,9;8,3;7,3;12,5;12,1;16,0
36915;;Santa Ignacia;5,5;14,0;16,5;9,3;4,0;7,0;11,9;16,1
36916;;City of Tarlac;5,2;10,0;11,9;5,6;4,2;6,3;9,1;10,9
36917;;Victoria;8,5;15,7;11,5;7,8;6,9;10,1;13,7;17,7
36918;;San Jose;12,1;21,5;14,9;14,6;9,1;15,0;16,3;26,6
37101;Zambales;Botolan;12,8;30,7;11,0;7,0;10,5;15,1;27,2;34,3
37102;;Cabangan;10,0;24,6;13,3;8,5;7,8;12,2;21,1;28,0
37103;;Candelabra;9,8;21,7;11,4;14,3;8,0;11,7;16,6;26,8
37104;;Castillejos;7,0;17,9;17,5;11,2;5,0;9,1;14,6;21,2
37105;;Iba;6,0;21,3;22,3;5,3;3,8;8,2;19,4;23,1
37106;;Masinloc;9,6;26,1;13,8;8,0;7,4;11,8;22,6;29,5
37108;;Palauig;10,3;28,9;14,8;9,2;7,8;12,8;24,5;33,3
37109;;San Antonio;7,3;20,7;16,9;6,6;5,3;9,3;18,5;23,0
37110;;San Felipe;9,3;21,0;17,0;9,5;6,7;11,9;17,7;24,3
37111;;San Marcelino;9,1;21,1;13,5;11,3;7,1;11,1;17,2;25,1
37112;;San Narciso;5,0;17,3;19,0;7,9;3,4;6,6;15,0;19,5
37113;;Santa Cruz;9,6;24,9;12,6;8,9;7,6;11,6;21,3;28,6
37114;;Subic;10,3;31,3;15,0;7,2;7,7;12,8;27,6;35,0
37701;Aurora;Baler;7,3;14,4;18,5;14,2;5,1;9,6;11,0;17,7
37702;;Casiguran;12,6;18,1;11,7;13,8;10,2;15,1;14,0;22,2
37703;;Dilasag;12,9;21,4;15,1;9,9;9,7;16,1;17,9;24,9
37704;;Dinalungan;14,7;17,0;15,9;14,2;10,9;18,6;13,0;20,9
37705;;Dingalan;12,7;28,5;16,8;6,3;9,2;16,3;25,5;31,4
37706;;Dipaculao;11,4;17,9;12,4;8,9;9,0;13,7;15,3;20,5
37707;;Maria Aurora;12,0;13,7;9,4;5,4;10,1;13,8;12,5;14,9
37708;;San Luis;10,9;20,1;14,3;6,7;8,4;13,5;17,9;22,3
;Region IV-A (CALABARZON);;;;;;;;;
41001;Batangas;Agoncillo;12,5;8,3;14,7;17,8;9,5;15,5;5,9;10,7
41002;;Alitagtag;16,0;10,0;15,1;21,1;12,0;20,0;6,5;13,4
41003;;Balayan;10,4;9,3;12,0;13,6;8,4;12,5;7,2;11,3
41004;;Balete;12,7;7,7;20,3;14,6;8,4;16,9;5,8;9,5
41005;;Batangas City;8,6;6,2;9,5;10,2;7,2;9,9;5,2;7,3
41006;;Bauan;7,6;10,7;12,6;16,0;6,0;9,2;7,8;13,5
41007;;City of Calaca;10,3;10,7;13,6;15,0;8,0;12,6;8,1;13,3
41008;;Calatagan;11,7;9,6;16,6;11,9;8,5;14,9;7,7;11,5
41009;;Cuenca;11,7;11,0;15,8;16,1;8,6;14,7;8,1;13,9
41010;;Ibaan;9,3;9,3;15,1;15,1;7,0;11,6;7,0;11,7
41011;;Laurel;13,1;6,9;14,1;22,6;10,1;16,2;4,3;9,4
41012;;Lemery;10,7;9,9;11,4;16,7;8,7;12,7;7,2;12,6
41013;;Lian;10,7;9,4;16,5;13,6;7,8;13,6;7,3;11,5
41014;;City of Lipa;10,0;12,0;8,5;9,5;8,6;11,4;10,2;13,9
41015;;Lobo;20,5;8,1;14,0;13,2;15,8;25,3;6,4;9,9
41016;;Mabini;9,8;7,2;12,3;15,1;7,8;11,8;5,4;9,0
41017;;Malvar;9,4;7,8;17,8;17,2;6,7;12,2;5,6;10,0
41018;;Mataas Na Kahoy;9,2;7,7;16,6;17,9;6,7;11,7;5,4;9,9
41019;;Nasugbu;13,2;7,1;12,8;14,0;10,4;16,0;5,5;8,7
41020;;Padre Garcia;20,9;9,0;13,5;12,8;16,3;25,6;7,1;10,9
41021;;Rosario;11,9;8,5;11,4;12,4;9,7;14,2;6,8;10,3
41022;;San Jose;9,2;9,9;14,4;12,3;7,1;11,4;7,9;11,9
41023;;San Juan;13,0;9,6;11,0;15,3;10,7;15,4;7,2;12,0
41024;;San Luis;15,7;6,0;15,1;17,7;11,8;19,6;4,3;7,8
41025;;San Nicolas;19,6;8,0;14,3;17,3;15,0;24,2;5,7;10,3
41026;;San Pascual;7,5;11,4;13,2;18,6;5,9;9,2;7,9;14,8
41027;;Santa Teresita;10,8;5,9;15,6;15,9;8,0;13,5;4,4;7,5
41028;;City of Santo Tomas;8,4;7,8;15,3;21,4;6,3;10,5;5,1;10,6
41029;;Taal;8,8;9,5;12,9;16,5;7,0;10,7;6,9;12,0
41030;;Talisay;10,7;6,4;15,5;13,0;8,0;13,5;5,0;7,7
41031;;City of Tanauan;8,7;8,2;11,6;14,2;7,1;10,4;6,3;10,1
41032;;Taysan;11,8;6,4;13,5;9,3;9,2;14,4;5,4;7,4
41033;;Tingloy;19,1;9,3;17,2;16,5;13,7;24,5;6,8;11,9
41034;;Tuy;11,9;6,1;14,3;13,0;9,1;14,7;4,8;7,4
42101;Cavite;Alfonso;5,3;13,2;16,2;16,3;3,9;6,7;9,7;16,8
42102;;Amadeo;4,7;9,6;16,8;13,7;3,4;6,0;7,4;11,7
42103;;City of Bacoor;3,9;5,4;12,1;10,8;3,1;4,7;4,4;6,3
42104;;City of Carmona;4,0;10,9;29,7;10,1;2,1;6,0;9,1;12,7
42105;;City of Cavite;5,7;12,7;12,9;14,1;4,5;6,9;9,8;15,6
42106;;City of Dasmariñas;5,3;8,8;9,7;27,0;4,5;6,2;4,9;12,7
42107;;General Emilio Aguinaldo;13,1;16,1;16,8;16,3;9,5;16,7;11,8;20,4
42108;;City of General Trias;3,8;11,2;24,3;14,6;2,3;5,3;8,5;13,9
42109;;City of Imus;2,7;9,3;10,7;9,1;2,2;3,2;7,9;10,7
42110;;Indang;4,0;10,2;15,1;11,4;3,0;5,0;8,3;12,2
42111;;Kawit;5,7;10,1;18,0;14,2;4,0;7,3;7,8;12,5
42112;;Magallanes;13,8;14,3;18,1;11,1;9,7;17,9;11,7;16,9
42113;;Maragondon;6,1;11,3;18,4;15,5;4,3;8,0;8,4;14,2
42114;;Mendez (Mendez-Nuñez);9,2;15,1;16,7;12,1;6,7;11,8;12,1;18,1
42115;;Naic;6,0;11,7;15,9;12,2;4,5;7,6;9,3;14,0
42116;;Noveleta;4,1;12,3;21,4;14,5;2,6;5,5;9,4;15,3
42117;;Rosario;5,2;7,7;16,7;11,8;3,8;6,6;6,2;9,2
42118;;Silang;5,8;12,5;12,1;10,9;4,7;7,0;10,3;14,7
42119;;City of Tagaytay;5,4;15,3;15,7;18,3;4,0;6,7;10,7;19,9
42120;;Tanza;5,2;11,9;16,6;20,0;3,8;6,7;8,0;15,7
42121;;Ternate;11,4;5,6;24,7;13,4;6,8;16,1;4,3;6,8
42122;;City of Trece Martires;5,9;11,5;24,3;12,5;3,5;8,2;9,2;13,9
42123;;Gen. Mariano Alvarez;6,4;9,5;13,8;10,8;4,9;7,8;7,8;11,2
43401;Laguna;Alaminos;2,6;9,5;23,3;22,5;1,6;3,6;6,0;13,1
43402;;Bay;2,2;5,4;25,1;12,5;1,3;3,1;4,3;6,5
43403;;City of Biñan;1,7;5,8;31,4;11,4;0,8;2,6;4,7;6,8
43404;;City of Cabuyao;1,5;5,0;30,3;15,6;0,8;2,3;3,7;6,3
43405;;City of Calamba;1,9;4,0;15,5;18,7;1,4;2,4;2,7;5,2
43406;;Calauan;4,0;7,0;25,7;16,3;2,3;5,8;5,1;8,9
43407;;Cavinti;2,7;9,6;27,1;15,8;1,5;3,8;7,1;12,1
43408;;Famy;2,8;7,2;32,0;45,3;1,3;4,2;1,8;12,6
43409;;Kalayaan;5,1;7,5;44,3;23,3;1,4;8,7;4,6;10,4
43410;;Liliw;2,1;6,9;23,3;13,2;1,3;2,9;5,4;8,4
43411;;Los Baños;1,6;7,5;26,8;16,5;0,9;2,3;5,4;9,5
43412;;Luisiana;4,5;7,0;25,5;20,2;2,6;6,4;4,7;9,3
43413;;Lumban;2,3;9,0;29,3;23,6;1,2;3,4;5,5;12,4
43414;;Mabitac;3,0;9,8;27,4;16,8;1,6;4,3;7,1;12,5
43415;;Magdalena;7,8;9,1;22,4;15,2;4,9;10,7;6,8;11,4
43416;;Majayjay;3,1;12,1;19,9;13,2;2,1;4,1;9,5;14,8
43417;;Nagcarlan;2,4;5,3;20,7;20,5;1,6;3,2;3,5;7,1
43418;;Paete;5,4;7,0;31,5;17,6;2,6;8,2;5,0;9,1
43419;;Pagsanjan;2,3;8,5;24,4;21,8;1,4;3,3;5,5;11,5
43420;;Pakil;3,3;7,9;23,4;27,8;2,1;4,6;4,3;11,5
43421;;Pangil;5,8;7,1;30,0;17,7;2,9;8,7;5,0;9,1
43422;;Pila;2,4;6,3;22,4;14,8;1,5;3,2;4,8;7,8
43423;;Rizal;1,6;6,0;30,1;10,2;0,8;2,3;5,0;7,0
43424;;City of San Pablo;2,1;6,6;12,4;22,7;1,7;2,5;4,1;9,1
43425;;City of San Pedro;2,0;6,0;22,1;19,9;1,3;2,7;4,0;8,0
43426;;Santa Cruz;2,0;9,7;22,7;15,7;1,2;2,7;7,2;12,3
43427;;Santa Maria;6,2;8,6;22,3;19,1;3,9;8,5;5,9;11,2
43428;;City of Santa Rosa;1,3;3,7;31,0;14,5;0,6;2,0;2,8;4,5
43429;;Siniloan;3,0;24,4;22,2;14,0;1,9;4,1;18,7;30,0
43430;;Victoria;3,8;7,4;28,5;19,9;2,0;5,5;5,0;9,9
45601;Quezon;Agdangan;14,0;25,5;20,1;9,8;9,4;18,6;21,4;29,6
45602;;Alabat;15,5;15,6;16,9;10,4;11,2;19,7;12,9;18,2
45603;;Atimonan;6,1;22,7;15,9;8,7;4,5;7,7;19,5;25,9
45605;;Buenavista;24,9;25,0;11,8;7,6;20,1;29,7;21,8;28,1
45606;;Burdeos;22,0;22,0;15,8;13,5;16,3;27,7;17,1;26,9
45607;;Calauag;9,8;21,1;13,1;11,2;7,7;11,9;17,2;25,0
45608;;Candelaria;6,2;15,8;14,8;16,2;4,7;7,7;11,6;20,1
45610;;Catanauan;11,3;22,5;13,0;12,7;8,9;13,8;17,8;27,2
45615;;Dolores;6,3;9,6;22,2;7,2;4,0;8,7;8,4;10,7
45616;;General Luna;18,4;24,6;14,1;10,5;14,1;22,6;20,4;28,8
45617;;General Nakar;18,6;16,1;18,8;9,3;12,9;24,3;13,6;18,6
45618;;Guinayangan;17,0;17,2;13,7;12,4;13,2;20,9;13,7;20,8
45619;;Gumaca;7,7;19,8;13,5;8,7;6,0;9,4;16,9;22,6
45620;;Infanta;7,6;27,3;16,0;20,6;5,6;9,6;18,1;36,6
45621;;Jomalig;25,8;12,8;20,7;13,8;17,0;34,5;9,9;15,7
45622;;Lopez;9,1;23,6;13,1;15,6;7,1;11,0;17,6;29,6
45623;;Lucban;4,0;19,8;19,3;11,3;2,7;5,3;16,2;23,5
45625;;Macalelon;19,2;30,1;11,7;7,9;15,5;22,9;26,2;34,0
45627;;Mauban;8,0;15,9;17,6;13,3;5,7;10,3;12,5;19,4
45628;;Mulanay;21,1;20,3;13,4;13,6;16,5;25,8;15,8;24,9
45629;;Padre Burgos;8,0;22,1;17,5;10,1;5,7;10,3;18,5;25,8
45630;;Pagbilao;6,3;24,9;17,4;15,9;4,5;8,1;18,4;31,4
45631;;Panukulan;22,3;26,0;17,1;21,9;16,0;28,6;16,6;35,4
45632;;Patnanungan;24,1;21,3;24,8;12,7;14,3;34,0;16,8;25,8
45633;;Perez;21,5;18,7;16,8;14,3;15,6;27,4;14,3;23,2
45634;;Pitogo;8,7;25,9;18,3;16,3;6,1;11,3;18,9;32,8
45635;;Plaridel;7,3;22,8;24,1;12,2;4,4;10,2;18,3;27,4
45636;;Polillo;10,7;21,1;16,0;15,6;7,9;13,6;15,7;26,5
45637;;Quezon;17,0;23,5;17,6;9,6;12,1;21,9;19,8;27,2
45638;;Real;8,7;16,7;18,4;15,2;6,1;11,3;12,5;20,9
45639;;Sampaloc;12,6;13,6;17,8;10,0;8,9;16,2;11,4;15,9
45640;;San Andres;20,7;27,8;21,0;11,6;13,5;27,8;22,5;33,1
45641;;San Antonio;16,5;17,8;15,1;11,1;12,4;20,6;14,5;21,0
45642;;San Francisco (Aurora);24,2;30,2;14,6;9,8;18,4;29,9;25,4;35,1
45644;;San Narciso;23,2;19,8;13,8;12,4;18,0;28,5;15,8;23,8
45645;;Sariaya;6,3;14,8;15,8;10,4;4,7;8,0;12,3;17,3
45646;;Tagkawayan;20,9;4,3;12,4;32,3;16,6;25,2;2,0;6,5
45647;;City of Tayabas;6,3;12,9;14,5;13,7;4,8;7,8;10,0;15,8
45648;;Tiaong;6,8;20,1;17,1;15,0;4,9;8,7;15,2;25,1
45649;;Unisan;14,6;20,2;16,7;12,8;10,6;18,7;15,9;24,4
45801;Rizal;Angono;4,1;6,1;30,5;11,0;2,0;6,1;5,0;7,2
45802;;City of Antipolo;5,4;9,3;17,1;7,7;3,9;6,9;8,1;10,5
45803;;Baras;6,4;7,6;40,0;20,1;2,2;10,6;5,1;10,1
45804;;Binangonan;3,8;1,6;19,8;47,2;2,6;5,1;0,4;2,8
45805;;Cainta;3,7;3,6;33,8;23,0;1,6;5,8;2,2;4,9
45806;;Cardona;4,7;9,2;22,0;22,7;3,0;6,4;5,8;12,7
45807;;Jala-Jala;12,4;6,3;19,2;26,8;8,5;16,3;3,5;9,1
45808;;Rodriguez (Montalban);5,6;7,4;31,5;11,2;2,7;8,5;6,0;8,7
45809;;Morong;3,8;9,0;28,6;22,1;2,0;5,6;5,7;12,3
45810;;Pililla;5,1;8,8;27,0;22,9;2,9;7,4;5,5;12,2
45811;;San Mateo;4,2;6,6;21,1;16,9;2,8;5,7;4,8;8,5
45812;;Tanay;6,4;5,5;22,6;24,7;4,0;8,7;3,2;7,7
45813;;Taytay;4,6;9,8;30,2;37,6;2,3;6,9;3,7;15,9
45814;;Teresa;4,1;5,7;31,6;14,4;2,0;6,3;4,4;7,1
;Region IV-B (MIMAROPA);;;;;;;;;
174001;Marinduque;Boac;13,4;14,7;8,8;4,9;11,5;15,4;13,5;15,8
174002;;Buenavista;19,7;21,9;15,9;5,0;14,5;24,8;20,1;23,7
174003;;Gasan;15,7;19,4;12,8;8,1;12,4;18,9;16,8;22,0
174004;;Mogpog;12,1;23,0;12,3;4,6;9,7;14,5;21,3;24,8
174005;;Santa Cruz;13,5;20,7;10,0;13,6;11,3;15,8;16,0;25,3
174006;;Torrijos;20,3;10,1;11,4;7,9;16,5;24,2;8,8;11,4
175101;Occidental Mindoro;Abra de Ilog;20,5;37,3;17,4;4,6;14,6;26,3;34,4;40,1
175102;;Calintaan;19,0;16,3;18,1;8,9;13,3;24,6;13,9;18,7
175103;;Looc;13,3;28,4;21,5;11,7;8,6;18,0;22,9;33,8
175104;;Lubang;9,5;22,3;21,7;7,8;6,1;12,9;19,4;25,1
175105;;Magsaysay;21,0;15,3;15,1;8,5;15,8;26,2;13,2;17,5
175106;;Mamburao;13,2;17,4;20,4;8,6;8,7;17,6;14,9;19,8
175107;;Paluan;22,6;20,9;17,3;6,3;16,2;29,1;18,8;23,1
175108;;Rizal;21,3;30,1;15,4;11,1;15,9;26,7;24,6;35,5
175109;;Sablayan;12,8;28,3;17,2;6,9;9,2;16,5;25,1;31,5
175110;;San Jose;15,3;22,0;13,1;14,7;12,0;18,6;16,6;27,3
175111;;Santa Cruz;16,8;17,5;19,8;12,9;11,3;22,3;13,8;21,3
175201;Oriental Mindoro;Baco;16,8;34,4;10,8;5,8;13,8;19,8;31,1;37,8
175202;;Bansud;16,2;16,5;18,3;10,8;11,3;21,1;13,5;19,4
175203;;Bongabong;16,5;29,9;10,9;13,5;13,6;19,4;23,2;36,6
175204;;Bulalacao;23,9;31,8;15,8;8,9;17,7;30,2;27,1;36,4
175205;;City of Calapan;7,2;24,7;9,9;5,9;6,0;8,3;22,3;27,1
175206;;Gloria;14,3;23,1;10,6;7,9;11,8;16,8;20,2;26,1
175207;;Mansalay;23,3;33,5;13,4;8,8;18,2;28,4;28,6;38,3
175208;;Naujan;12,4;18,2;8,7;12,1;10,6;14,2;14,6;21,9
175209;;Pinamalayan;11,4;10,5;12,8;10,0;9,0;13,8;8,8;12,2
175210;;Pola;14,9;18,1;14,1;5,5;11,4;18,3;16,5;19,8
175211;;Puerto Galera;13,3;16,2;18,3;5,0;9,3;17,3;14,9;17,5
175212;;Roxas;16,4;11,5;12,5;14,3;13,1;19,8;8,8;14,2
175213;;San Teodoro;16,5;18,8;18,6;21,3;11,5;21,6;12,2;25,3
175214;;Socorro;13,7;15,4;12,2;8,5;11,0;16,5;13,2;17,5
175215;;Victoria;11,7;16,9;12,4;10,1;9,3;14,1;14,1;19,7
175301;Palawan;Aborlan;13,3;15,4;17,1;15,1;9,6;17,1;11,6;19,3
175302;;Agutaya;15,2;23,3;29,3;6,9;7,9;22,6;20,6;25,9
175303;;Araceli;19,2;39,1;14,3;7,9;14,7;23,7;34,0;44,2
175304;;Balabac;29,7;14,2;15,0;8,2;22,4;37,1;12,3;16,1
175305;;Bataraza;15,3;31,1;15,3;12,3;11,4;19,1;24,8;37,4
175306;;Brooke's Point;16,7;15,7;12,0;8,3;13,4;20,0;13,6;17,8
175307;;Busuanga;17,4;20,6;14,5;6,6;13,3;21,6;18,3;22,8
175308;;Cagayancillo;23,2;22,1;17,5;35,0;16,5;29,8;9,4;34,9
175309;;Coron;17,1;9,8;13,5;46,4;13,3;20,8;2,3;17,3
175310;;Cuyo;11,4;21,0;16,9;11,9;8,2;14,5;16,9;25,1
175311;;Dumaran;15,5;14,9;15,4;35,4;11,6;19,5;6,2;23,5
175312;;El Nido;16,3;15,3;12,6;15,7;13,0;19,7;11,4;19,3
175313;;Linapacan;21,8;15,9;15,0;20,2;16,5;27,2;10,6;21,2
175314;;Magsaysay;11,9;26,3;20,1;19,4;8,0;15,8;17,9;34,7
175315;;Narra;10,3;17,6;14,8;9,7;7,8;12,9;14,7;20,4
175317;;Quezon;18,8;14,2;14,5;23,9;14,3;23,3;8,6;19,8
175318;;Roxas;10,8;17,7;12,4;7,5;8,6;13,0;15,6;19,9
175319;;San Vicente;18,9;17,8;16,9;18,4;13,7;24,2;12,4;23,2
175320;;Taytay;17,9;25,2;12,1;6,0;14,3;21,5;22,7;27,7
175321;;Kalayaan;;18,2;;27,3;;;10,0;26,4
175322;;Culion;15,8;40,2;16,6;10,0;11,5;20,1;33,6;46,8
175323;;Rizal;20,1;14,6;16,5;12,5;14,7;25,6;11,6;17,6
175324;;Sofronio Española;17,4;21,3;17,9;9,4;12,3;22,5;18,0;24,6
175901;Romblon;Alcantara;21,2;16,1;13,6;12,3;16,4;25,9;12,8;19,3
175902;;Banton;16,7;24,8;16,9;10,0;12,1;21,4;20,8;28,9
175903;;Cajidiocan;28,7;35,2;12,1;8,8;23,0;34,4;30,1;40,3
175904;;Calatrava;22,6;27,3;16,9;11,3;16,4;28,9;22,2;32,3
175905;;Concepcion;17,2;20,7;16,0;13,6;12,7;21,7;16,0;25,3
175906;;Corcuera;19,9;10,1;13,6;7,9;15,5;24,3;8,8;11,4
175907;;Looc;20,2;39,6;13,8;6,8;15,6;24,8;35,2;44,1
175908;;Magdiwang;26,1;29,3;14,9;20,5;19,7;32,4;19,4;39,2
175909;;Odiongan;9,6;42,6;14,3;8,8;7,4;11,9;36,4;48,7
175910;;Romblon;21,7;38,6;12,3;10,2;17,3;26,1;32,1;45,1
175911;;San Agustin;25,4;27,4;12,4;15,2;20,2;30,5;20,5;34,3
175912;;San Andres;21,8;35,6;13,1;5,2;17,1;26,5;32,5;38,7
175913;;San Fernando;29,3;37,7;12,6;12,0;23,2;35,3;30,3;45,1
175914;;San Jose;27,9;40,0;18,8;7,8;19,3;36,6;34,9;45,1
175915;;Santa Fe;26,5;23,2;13,5;8,8;20,7;32,4;19,9;26,6
175916;;Ferrol;20,3;34,2;20,4;9,8;13,5;27,0;28,7;39,7
175917;;Santa Maria;19,4;40,1;18,7;3,6;13,5;25,4;37,7;42,5
;Region V (Bicol Region);;;;;;;;;
50501;Albay;Bacacay;31,5;27,3;7,1;6,9;27,8;35,2;24,2;30,4
50502;;Camalig;21,1;23,4;9,3;8,2;17,8;24,3;20,2;26,5
50503;;Daraga (Locsin);13,5;15,5;10,9;8,8;11,1;15,9;13,2;17,7
50504;;Guinobatan;25,6;21,9;7,7;7,4;22,4;28,9;19,2;24,6
50505;;Jovellar;37,5;37,0;8,6;8,3;32,2;42,9;31,9;42,0
50506;;City of Legazpi;13,8;17,6;9,1;5,8;11,7;15,8;15,9;19,3
50507;;Libon;37,4;33,3;6,9;6,1;33,1;41,6;29,9;36,6
50508;;City of Ligao;23,1;24,7;6,9;6,0;20,4;25,7;22,3;27,2
50509;;Malilipot;26,1;21,3;11,1;11,1;21,3;30,9;17,4;25,2
50510;;Malinao;33,7;28,3;7,5;7,4;29,5;37,8;24,8;31,7
50511;;Manito;37,2;29,0;9,3;11,6;31,5;42,9;23,4;34,5
50512;;Oas;34,2;31,4;5,8;6,0;31,0;37,5;28,3;34,5
50513;;Pio Duran;37,5;31,4;7,6;7,2;32,8;42,2;27,7;35,1
50514;;Polangui;21,3;22,3;8,1;6,3;18,5;24,2;20,0;24,6
50515;;Rapu-Rapu;42,7;38,8;6,2;7,2;38,3;47,1;34,2;43,4
50516;;Santo Domingo;23,0;17,9;12,9;11,0;18,1;27,9;14,7;21,1
50517;;City of Tabaco;19,8;20,2;9,5;7,6;16,7;22,9;17,7;22,7
50518;;Tiwi;23,6;24,7;11,9;8,6;19,0;28,2;21,2;28,2
51601;Camarines Norte;Basud;22,4;21,8;11,0;8,0;18,3;26,4;18,9;24,7
51602;;Capalonga;38,7;32,4;8,1;7,5;33,6;43,9;28,4;36,4
51603;;Daet;14,7;12,5;13,7;10,2;11,4;18,1;10,4;14,5
51604;;San Lorenzo Ruiz;31,6;20,7;15,5;13,6;23,5;39,7;16,1;25,3
51605;;Jose Panganiban;34,5;26,4;8,5;7,4;29,7;39,3;23,2;29,6
51606;;Labo;25,1;24,1;8,1;5,8;21,7;28,4;21,8;26,4
51607;;Mercedes;36,9;22,4;9,1;8,9;31,3;42,4;19,1;25,7
51608;;Paracale;37,6;28,6;8,7;7,7;32,2;43,0;25,0;32,2
51609;;San Vicente;27,2;22,1;16,2;13,4;20,0;34,5;17,3;27,0
51610;;Santa Elena;35,8;23,6;11,7;11,4;28,9;42,7;19,2;28,1
51611;;Talisay;24,5;14,2;11,5;12,6;19,8;29,1;11,3;17,2
51612;;Vinzons;24,3;27,2;12,9;10,3;19,2;29,5;22,6;31,8
51701;Camarines Sur;Baao;26,2;35,4;10,7;7,9;21,6;30,8;30,7;40,0
51702;;Balatan;38,4;48,8;12,1;9,7;30,7;46,0;41,0;56,5
51703;;Bato;30,9;37,3;9,5;7,9;26,0;35,7;32,5;42,1
51704;;Bombon;23,8;34,4;17,2;12,8;17,0;30,5;27,1;41,6
51705;;Buhi;29,8;36,8;8,8;6,8;25,5;34,2;32,6;40,9
51706;;Bula;25,1;42,6;10,7;6,7;20,7;29,4;38,0;47,3
51707;;Cabusao;28,1;39,4;17,2;13,1;20,1;36,0;31,0;47,9
51708;;Calabanga;26,8;38,1;8,0;6,2;23,2;30,3;34,2;42,0
51709;;Camaligan;17,4;23,1;15,9;14,5;12,9;22,0;17,6;28,6
51710;;Canaman;13,9;29,3;13,2;9,1;10,9;17,0;24,9;33,7
51711;;Caramoan;25,3;45,1;9,7;6,0;21,3;29,4;40,6;49,5
51712;;Del Gallego;30,6;39,9;9,7;7,7;25,7;35,5;34,8;45,0
51713;;Gainza;26,1;28,8;16,0;12,9;19,2;33,0;22,7;35,0
51714;;Garchitorena;41,2;53,2;7,8;6,6;35,9;46,4;47,4;59,1
51715;;Goa;28,6;36,0;9,4;6,9;24,2;33,0;32,0;40,1
51716;;City of Iriga;13,6;28,4;12,8;8,9;10,8;16,5;24,3;32,6
51717;;Lagonoy;30,1;37,7;8,0;7,1;26,1;34,0;33,3;42,2
51718;;Libmanan;29,5;40,7;6,8;5,4;26,2;32,8;37,1;44,4
51719;;Lupi;20,6;38,3;12,5;7,8;16,4;24,9;33,4;43,2
51720;;Magarao;16,3;31,0;18,7;11,2;11,3;21,3;25,3;36,7
51721;;Milaor;17,7;27,6;14,8;10,5;13,4;22,0;22,8;32,3
51722;;Minalabac;32,2;40,5;9,6;7,9;27,1;37,3;35,3;45,8
51723;;Nabua;15,5;32,8;12,6;6,7;12,3;18,7;29,2;36,4
51724;;City of Naga;9,1;21,4;17,8;9,5;6,5;11,8;18,0;24,7
51725;;Ocampo;31,0;38,8;8,8;6,5;26,5;35,5;34,7;43,0
51726;;Pamplona;30,8;36,8;12,2;10,2;24,6;37,0;30,6;42,9
51727;;Pasacao;32,8;44,9;11,6;6,5;26,5;39,0;40,1;49,7
51728;;Pili;16,1;29,9;13,3;7,9;12,5;19,6;26,0;33,8
51729;;Presentacion;38,0;48,0;10,9;9,0;31,2;44,9;40,9;55,1
51730;;Ragay;30,4;40,6;9,6;6,3;25,6;35,2;36,4;44,9
51731;;Sagñay;33,9;45,0;11,2;7,2;27,7;40,2;39,7;50,3
51732;;San Fernando;28,0;33,5;10,9;8,3;23,0;33,1;29,0;38,1
51733;;San Jose;24,9;33,8;9,4;7,6;21,1;28,8;29,5;38,0
51734;;Sipocot;29,1;36,9;9,1;6,9;24,8;33,5;32,7;41,1
51735;;Siruma;37,8;49,7;9,7;7,3;31,7;43,8;43,7;55,7
51736;;Tigaon;28,7;40,2;9,2;7,0;24,4;33,0;35,6;44,9
51737;;Tinambac;36,8;47,7;7,4;6,0;32,3;41,2;43,0;52,4
52001;Catanduanes;Bagamanoc;22,7;30,0;14,4;7,9;17,3;28,1;26,1;33,9
52002;;Baras;25,7;20,5;10,6;10,0;21,2;30,1;17,1;23,9
52003;;Bato;14,6;18,3;16,0;10,5;10,7;18,4;15,2;21,5
52004;;Caramoran;34,9;32,4;9,1;6,4;29,6;40,1;29,0;35,8
52005;;Gigmoto;27,1;25,4;13,6;12,2;21,0;33,2;20,3;30,5
52006;;Pandan;22,8;32,7;11,8;6,4;18,3;27,2;29,2;36,1
52007;;Panganiban;21,9;25,3;13,7;8,9;17,0;26,9;21,6;29,1
52008;;San Andres;25,5;24,4;10,0;6,0;21,3;29,7;22,0;26,8
52009;;San Miguel;26,7;29,1;12,2;7,7;21,4;32,1;25,4;32,8
52010;;Viga;29,1;33,4;8,6;6,2;24,9;33,2;29,9;36,8
52011;;Virac;11,2;15,1;11,3;5,8;9,1;13,2;13,6;16,5
54101;Masbate;Aroroy;37,3;29,9;7,1;6,2;32,9;41,6;26,9;33,0
54102;;Baleno;33,1;24,2;9,1;9,1;28,1;38,0;20,6;27,8
54103;;Balud;31,7;28,5;8,3;8,6;27,4;36,1;24,4;32,5
54104;;Batuan;29,3;25,6;11,6;12,0;23,7;34,9;20,6;30,7
54105;;Cataingan;23,4;23,4;10,1;7,9;19,5;27,3;20,4;26,5
54106;;Cawayan;24,3;27,6;9,9;8,8;20,3;28,2;23,6;31,7
54107;;Claveria;36,3;33,5;9,9;8,1;30,4;42,3;29,1;38,0
54108;;Dimasalang;33,9;25,0;10,4;10,1;28,2;39,7;20,8;29,2
54109;;Esperanza;31,7;25,7;9,5;8,7;26,7;36,6;22,1;29,4
54110;;Mandaon;32,4;25,4;9,3;9,0;27,4;37,3;21,6;29,2
54111;;City of Masbate;19,6;15,9;11,2;11,2;16,0;23,2;13,0;18,9
54112;;Milagros;36,4;28,6;7,6;7,8;31,8;40,9;24,9;32,3
54113;;Mobo;24,7;23,2;10,3;8,5;20,5;28,8;19,9;26,4
54114;;Monreal;39,8;30,5;10,3;8,0;33,0;46,5;26,5;34,5
54115;;Palanas;30,5;26,6;10,0;7,0;25,5;35,5;23,5;29,6
54116;;Pio V. Corpuz;29,7;22,0;10,4;10,5;24,7;34,8;18,2;25,9
54117;;Placer;33,1;29,9;7,6;7,1;29,0;37,2;26,4;33,4
54118;;San Fernando;27,2;23,3;9,8;8,3;22,8;31,6;20,1;26,5
54119;;San Jacinto;27,1;22,8;10,9;7,9;22,2;31,9;19,8;25,8
54120;;San Pascual;38,2;34,4;9,7;8,3;32,1;44,3;29,7;39,1
54121;;Uson;36,5;27,4;7,9;7,0;31,7;41,2;24,2;30,5
56202;Sorsogon;Barcelona;28,4;21,1;9,2;9,0;24,0;32,7;18,0;24,3
56203;;Bulan;29,5;27,4;6,8;5,8;26,2;32,8;24,8;30,1
56204;;Bulusan;29,0;20,7;9,4;10,1;24,5;33,5;17,2;24,1
56205;;Casiguran;30,6;24,8;9,2;9,5;26,0;35,2;20,9;28,7
56206;;Castilla;35,4;31,6;8,6;8,2;30,4;40,4;27,3;35,8
56207;;Donsol;37,1;37,5;7,4;6,2;32,6;41,6;33,7;41,3
56208;;Gubat;26,4;22,1;8,2;8,4;22,8;29,9;19,0;25,1
56209;;Irosin;32,6;26,4;8,2;7,7;28,3;37,0;23,1;29,8
56210;;Juban;35,7;31,0;9,2;6,4;30,3;41,2;27,8;34,3
56211;;Magallanes;35,9;33,5;8,6;6,9;30,8;41,0;29,7;37,3
56212;;Matnog;37,1;33,0;6,8;7,5;33,0;41,3;28,9;37,0
56213;;Pilar;37,1;32,5;6,4;5,8;33,2;41,0;29,4;35,6
56214;;Prieto Diaz;34,0;29,1;9,5;7,9;28,7;39,3;25,3;32,9
56215;;Santa Magdalena;32,8;28,4;12,2;11,3;26,2;39,3;23,1;33,7
56216;;City of Sorsogon;18,1;20,6;9,7;6,6;15,2;21,0;18,3;22,8
;Region VI (Western Visayas);;;;;;;;;
60401;Aklan;Altavas;14,6;21,7;13,9;11,6;11,3;18,0;17,5;25,8
60402;;Balete;17,3;26,8;15,6;13,4;12,8;21,7;20,9;32,7
60403;;Banga;10,6;14,7;12,1;10,7;8,5;12,7;12,1;17,3
60404;;Batan;14,7;22,8;13,1;10,1;11,5;17,8;19,0;26,5
60405;;Buruanga;16,4;24,2;17,5;11,8;11,7;21,1;19,5;28,9
60406;;Ibajay;13,9;19,0;11,6;9,5;11,3;16,6;16,0;22,0
60407;;Kalibo;6,9;9,8;19,6;8,8;4,7;9,1;8,4;11,2
60408;;Lezo;9,9;15,9;18,2;14,6;6,9;12,8;12,1;19,7
60409;;Libacao;25,7;35,4;10,3;7,8;21,3;30,0;30,8;39,9
60410;;Madalag;21,7;34,2;12,0;6,6;17,4;26,0;30,5;37,9
60411;;Makato;14,0;20,2;14,5;8,8;10,7;17,4;17,3;23,1
60412;;Malay;13,4;16,4;24,3;11,4;8,0;18,7;13,3;19,5
60413;;Malinao;14,6;24,3;13,2;8,8;11,4;17,8;20,8;27,8
60414;;Nabas;16,9;20,9;11,9;9,6;13,6;20,2;17,6;24,2
60415;;New Washington;11,4;13,4;16,0;12,7;8,4;14,3;10,6;16,2
60416;;Numancia;6,6;11,0;19,5;15,5;4,5;8,7;8,2;13,8
60417;;Tangalan;15,3;18,6;17,5;13,0;10,9;19,7;14,6;22,6
60601;Antique;Anini-Y;18,8;22,1;10,8;10,3;15,4;22,1;18,3;25,9
60602;;Barbaza;19,9;22,2;11,0;8,1;16,3;23,5;19,2;25,1
60603;;Belison;13,2;13,9;19,9;12,5;8,9;17,5;11,0;16,8
60604;;Bugasong;19,9;27,2;9,6;7,5;16,8;23,1;23,9;30,6
60605;;Caluya;30,3;27,9;14,8;15,3;22,9;37,6;20,9;34,9
60606;;Culasi;22,6;24,4;9,3;8,0;19,1;26,1;21,2;27,6
60607;;Tobias Fornier;22,5;25,7;9,1;6,2;19,1;25,8;23,1;28,3
60608;;Hamtic;18,5;18,5;9,5;7,3;15,6;21,3;16,3;20,8
60609;;Laua-an;21,9;25,8;8,4;8,2;18,9;24,9;22,4;29,3
60610;;Libertad;19,7;25,2;14,2;9,5;15,1;24,3;21,2;29,1
60611;;Pandan;18,7;18,8;11,1;9,6;15,3;22,1;15,9;21,8
60612;;Patnongon;21,9;24,8;9,6;8,9;18,5;25,4;21,1;28,4
60613;;San Jose;10,4;8,2;14,8;13,8;7,8;12,9;6,3;10,1
60614;;San Remigio;33,1;40,7;7,0;5,9;29,3;36,9;36,8;44,7
60615;;Sebaste;21,2;19,9;15,1;15,2;15,9;26,4;14,9;24,9
60616;;Sibalom;17,7;19,6;8,4;7,4;15,2;20,1;17,2;22,0
60617;;Tibiao;20,7;31,3;11,2;8,3;16,9;24,5;27,0;35,6
60618;;Valderrama;42,6;32,9;9,6;9,5;35,9;49,3;27,8;38,1
61901;Capiz;Cuartero;6,4;16,5;23,3;9,1;3,9;8,8;14,0;18,9
61902;;Dao;6,6;13,3;26,9;12,8;3,7;9,5;10,5;16,1
61903;;Dumalag;4,1;12,9;32,1;16,5;2,0;6,3;9,4;16,4
61904;;Dumarao;8,2;21,2;19,4;10,5;5,6;10,8;17,6;24,9
61905;;Ivisan;6,4;15,8;26,4;11,6;3,6;9,1;12,8;18,9
61906;;Jamindan;12,8;20,7;15,3;11,1;9,6;16,0;16,9;24,5
61907;;Ma-ayon;10,4;18,9;16,1;10,0;7,6;13,1;15,8;22,0
61908;;Mambusao;4,8;14,2;26,5;10,8;2,7;6,9;11,7;16,7
61909;;Panay;6,2;13,3;20,1;11,8;4,1;8,2;10,7;15,9
61910;;Panitan;4,8;10,9;26,0;12,7;2,7;6,9;8,6;13,2
61911;;Pilar;8,9;20,6;18,8;10,8;6,1;11,6;17,0;24,3
61912;;Pontevedra;6,1;15,7;23,8;12,6;3,7;8,4;12,5;19,0
61913;;President Roxas;6,9;15,2;25,5;12,4;4,0;9,8;12,1;18,3
61914;;City of Roxas;7,3;9,5;22,7;10,7;4,6;10,1;7,8;11,2
61915;;Sapi-An;9,0;24,5;27,0;10,8;5,0;12,9;20,1;28,8
61916;;Sigma;6,4;14,7;24,8;15,2;3,8;9,0;11,0;18,3
61917;;Tapaz;12,4;23,2;13,1;8,1;9,8;15,1;20,1;26,3
63001;Iloilo;Ajuy;23,1;26,2;7,7;9,1;20,2;26,0;22,3;30,1
63002;;Alimodian;23,7;21,9;7,6;8,3;20,7;26,7;18,9;24,8
63003;;Anilao;22,6;27,3;9,8;9,9;19,0;26,3;22,9;31,7
63004;;Badiangan;16,0;20,6;10,0;11,0;13,3;18,6;16,9;24,3
63005;;Balasan;20,7;24,2;9,5;10,2;17,5;24,0;20,2;28,3
63006;;Banate;18,8;21,4;11,2;11,2;15,3;22,3;17,5;25,3
63007;;Barotac Nuevo;15,7;18,6;9,1;7,9;13,3;18,0;16,2;21,0
63008;;Barotac Viejo;19,5;23,2;10,8;9,5;16,0;23,0;19,6;26,9
63009;;Batad;23,8;27,0;11,7;10,7;19,2;28,3;22,2;31,8
63010;;Bingawan;22,4;26,0;14,5;13,3;17,0;27,7;20,3;31,6
63012;;Cabatuan;13,5;14,0;8,2;6,8;11,7;15,3;12,4;15,5
63013;;Calinog;27,0;26,8;7,3;6,7;23,8;30,2;23,8;29,7
63014;;Carles;35,8;35,9;7,6;8,4;31,3;40,3;30,9;40,8
63015;;Concepcion;29,2;32,5;9,7;10,8;24,5;33,9;26,7;38,3
63016;;Dingle;17,5;17,1;10,1;9,7;14,6;20,4;14,4;19,9
63017;;Dueñas;20,5;20,6;7,0;8,3;18,2;22,9;17,7;23,4
63018;;Dumangas;14,1;16,2;9,7;8,3;11,9;16,4;14,0;18,4
63019;;Estancia;22,8;23,0;9,7;10,9;19,2;26,4;18,9;27,2
63020;;Guimbal;11,5;11,9;11,3;10,3;9,3;13,6;9,9;13,9
63021;;Igbaras;25,5;25,7;9,0;7,3;21,7;29,2;22,6;28,8
63023;;Janiuay;21,6;22,7;7,5;6,6;19,0;24,3;20,2;25,1
63025;;Lambunao;22,0;24,8;6,2;5,8;19,7;24,2;22,5;27,2
63026;;Leganes;12,4;10,6;14,0;14,9;9,5;15,3;8,0;13,2
63027;;Lemery;19,8;27,9;9,0;8,7;16,9;22,7;23,9;31,9
63028;;Leon;22,1;22,3;7,2;7,6;19,5;24,7;19,5;25,0
63029;;Maasin;20,9;22,4;7,9;7,2;18,2;23,6;19,7;25,0
63030;;Miag-ao;17,4;16,2;6,5;6,1;15,6;19,3;14,6;17,8
63031;;Mina;16,1;16,7;11,5;12,5;13,0;19,1;13,3;20,1
63032;;New Lucena;12,0;12,8;15,4;12,8;9,0;15,1;10,1;15,5
63034;;Oton;11,7;9,5;11,5;10,6;9,5;13,9;7,9;11,2
63035;;City of Passi;21,1;23,0;7,2;7,9;18,6;23,6;20,0;26,0
63036;;Pavia;7,8;4,3;16,0;21,1;5,8;9,9;2,8;5,8
63037;;Pototan;15,4;15,0;7,6;8,6;13,4;17,3;12,9;17,1
63038;;San Dionisio;26,7;30,0;8,9;8,6;22,8;30,7;25,7;34,2
63039;;San Enrique;22,2;22,6;9,7;10,0;18,7;25,7;18,8;26,3
63040;;San Joaquin;26,2;27,8;7,3;6,3;23,0;29,3;24,9;30,7
63041;;San Miguel;14,0;12,1;13,7;14,7;10,9;17,1;9,1;15,0
63042;;San Rafael;21,3;25,0;15,3;13,0;15,9;26,7;19,7;30,4
63043;;Santa Barbara;11,4;11,0;9,7;10,0;9,6;13,2;9,2;12,8
63044;;Sara;19,8;24,6;8,0;7,5;17,2;22,4;21,6;27,7
63045;;Tigbauan;15,6;17,2;8,7;7,3;13,4;17,8;15,1;19,3
63046;;Tubungan;25,4;24,5;9,1;6,3;21,6;29,2;21,9;27,0
63047;;Zarraga;10,8;11,5;13,7;11,6;8,4;13,3;9,3;13,7
64502;Negros Occidental;City of Bago;13,0;20,6;15,4;9,0;9,7;16,3;17,6;23,6
64503;;Binalbagan;16,4;23,6;16,5;11,4;12,0;20,9;19,2;28,1
64504;;City of Cadiz;24,9;22,9;10,5;10,8;20,6;29,1;18,8;26,9
64505;;Calatrava;34,0;32,0;10,4;8,4;28,1;39,8;27,6;36,4
64506;;Candoni;24,8;30,3;16,6;13,8;18,0;31,6;23,5;37,2
64507;;Cauayan;27,3;35,6;9,4;7,6;23,0;31,5;31,2;40,1
64508;;Enrique B. Magalona;21,6;18,0;13,3;7,8;16,9;26,3;15,7;20,3
64509;;City of Escalante;25,3;24,0;13,2;10,4;19,8;30,8;19,9;28,2
64510;;City of Himamaylan;24,0;25,4;11,4;10,2;19,5;28,4;21,2;29,7
64511;;Hinigaran;19,4;19,6;14,4;8,8;14,8;23,9;16,8;22,5
64512;;Hinoba-An (Asia);24,6;32,3;14,5;11,1;18,8;30,5;26,4;38,3
64513;;Ilog;16,9;28,2;14,6;11,2;12,8;21,0;23,0;33,4
64514;;Isabela;28,0;24,0;10,9;10,4;23,0;33,0;19,9;28,0
64515;;City of Kabankalan;28,6;27,4;11,1;7,9;23,4;33,8;23,9;31,0
64516;;City of La Carlota;12,4;13,5;17,3;16,1;8,8;15,9;9,9;17,1
64517;;La Castellana;27,0;26,4;16,0;8,5;19,9;34,1;22,7;30,2
64518;;Manapla;24,0;22,1;15,8;15,3;17,7;30,2;16,6;27,7
64519;;Moises Padilla (Magallon);32,3;33,1;11,6;11,6;26,1;38,5;26,8;39,4
64520;;Murcia;21,3;23,0;15,5;9,3;15,9;26,7;19,4;26,5
64521;;Pontevedra;12,5;19,2;14,6;14,1;9,5;15,5;14,7;23,6
64522;;Pulupandan;7,7;13,4;18,6;13,9;5,4;10,1;10,4;16,5
64523;;City of Sagay;24,1;22,9;11,4;9,2;19,6;28,6;19,4;26,4
64524;;City of San Carlos;28,1;29,8;14,2;9,4;21,5;34,6;25,1;34,4
64525;;San Enrique;10,4;12,6;24,7;23,2;6,2;14,6;7,8;17,5
64526;;City of Silay;17,6;16,3;16,1;12,7;12,9;22,3;12,9;19,7
64527;;City of Sipalay;23,5;30,7;14,5;10,6;17,9;29,1;25,4;36,1
64528;;City of Talisay;3,5;10,9;34,4;12,7;1,5;5,5;8,6;13,2
64529;;Toboso;20,3;28,7;20,9;13,9;13,3;27,2;22,1;35,2
64530;;Valladolid;10,3;15,8;18,9;11,3;7,1;13,5;12,9;18,8
64531;;City of Victorias;12,9;16,6;17,0;10,9;9,3;16,5;13,6;19,5
64532;;Salvador Benedicto;32,4;38,3;16,4;13,4;23,7;41,1;29,8;46,7
67901;Guimaras;Buenavista;7,0;14,4;18,3;8,9;4,9;9,1;12,3;16,5
67902;;Jordan;10,3;14,6;21,0;12,3;6,8;13,9;11,7;17,6
67903;;Nueva Valencia;15,2;17,0;16,0;10,0;11,2;19,2;14,2;19,8
67904;;San Lorenzo;15,9;14,6;22,7;11,3;10,0;21,8;11,9;17,3
67905;;Sibunag;14,6;20,0;18,9;14,3;10,1;19,1;15,3;24,6
;Region VII (Central Visayas);;;;;;;;;
71201;Bohol;Alburquerque;10,4;16,9;17,3;17,8;7,4;13,4;12,0;21,9
71202;;Alicia;27,6;30,3;11,9;12,5;22,2;33,0;24,1;36,5
71203;;Anda;25,4;26,1;11,2;10,4;20,6;30,2;21,6;30,5
71204;;Antequera;15,6;18,3;14,0;10,8;12,0;19,2;15,1;21,6
71205;;Baclayon;11,2;12,0;14,2;18,9;8,6;13,8;8,3;15,7
71206;;Balilihan;20,5;23,0;9,2;9,1;17,4;23,6;19,6;26,5
71207;;Batuan;23,3;30,5;10,6;10,1;19,2;27,4;25,4;35,6
71208;;Bilar;20,1;23,4;10,8;12,1;16,5;23,7;18,7;28,0
71209;;Buenavista;32,6;32,3;7,8;7,3;28,5;36,7;28,4;36,2
71210;;Calape;17,4;22,2;8,4;9,4;14,9;19,9;18,8;25,7
71211;;Candijay;21,4;25,6;10,4;10,6;17,8;25,0;21,1;30,0
71212;;Carmen;25,0;31,9;9,2;7,4;21,2;28,8;28,0;35,9
71213;;Catigbian;23,0;27,5;10,6;10,4;19,1;27,0;22,8;32,2
71214;;Clarin;17,4;23,2;11,5;9,3;14,1;20,7;19,7;26,7
71215;;Corella;10,1;12,9;21,4;21,8;6,5;13,7;8,3;17,6
71216;;Cortes;12,5;14,5;14,4;15,5;9,5;15,5;10,8;18,2
71217;;Dagohoy;27,5;31,8;11,7;10,3;22,2;32,8;26,5;37,2
71218;;Danao;29,2;33,6;8,9;9,6;24,9;33,5;28,3;38,9
71219;;Dauis;10,8;14,0;17,5;17,8;7,7;13,9;9,9;18,1
71220;;Dimiao;22,2;22,6;8,7;9,1;19,1;25,3;19,2;26,0
71221;;Duero;21,6;23,2;9,5;12,8;18,2;25,1;18,3;28,1
71222;;Garcia Hernandez;17,6;22,2;10,3;9,5;14,6;20,6;18,7;25,7
71223;;Guindulman;23,2;24,0;9,4;11,3;19,6;26,8;19,6;28,5
71224;;Inabanga;25,4;29,9;7,2;7,2;22,4;28,4;26,4;33,5
71225;;Jagna;17,9;20,8;9,3;10,3;15,1;20,7;17,3;24,3
71226;;Jetafe;33,9;37,6;7,1;7,6;30,0;37,9;32,9;42,2
71227;;Lila;17,9;17,9;12,2;14,2;14,3;21,5;13,7;22,1
71228;;Loay;10,4;16,5;13,5;11,9;8,1;12,7;13,3;19,8
71229;;Loboc;12,8;18,3;12,9;11,5;10,0;15,6;14,8;21,8
71230;;Loon;17,8;21,1;6,8;8,6;15,8;19,8;18,1;24,1
71231;;Mabini;26,9;28,9;9,6;7,5;22,6;31,2;25,4;32,5
71232;;Maribojoc;10,8;15,0;14,0;11,9;8,3;13,3;12,1;18,0
71233;;Panglao;12,6;16,8;18,3;16,9;8,8;16,4;12,1;21,4
71234;;Pilar;31,3;34,4;9,2;9,1;26,5;36,1;29,2;39,5
71235;;Pres. Carlos P. Garcia;36,5;36,8;7,9;9,1;31,7;41,3;31,3;42,3
71236;;Sagbayan;21,5;25,0;9,1;11,1;18,2;24,8;20,5;29,6
71237;;San Isidro;25,8;26,9;12,1;14,3;20,7;30,9;20,6;33,3
71238;;San Miguel;27,1;32,1;9,5;10,1;22,8;31,4;26,7;37,4
71239;;Sevilla;22,1;27,1;12,6;10,8;17,5;26,7;22,2;31,9
71240;;Sierra Bullones;27,3;33,6;8,4;9,3;23,5;31,1;28,5;38,8
71241;;Sikatuna;15,6;16,8;17,1;17,1;11,2;20,0;12,1;21,5
71242;;City of Tagbilaran;3,4;10,5;22,9;15,2;2,1;4,7;7,8;13,1
71243;;Talibon;26,5;29,5;6,9;8,0;23,5;29,5;25,6;33,4
71244;;Trinidad;25,2;31,4;9,0;9,7;21,4;29,0;26,4;36,3
71245;;Tubigon;16,3;23,4;9,9;7,6;13,7;18,9;20,4;26,3
71246;;Ubay;25,7;30,6;7,0;6,9;22,7;28,7;27,2;34,1
71247;;Valencia;22,0;24,9;6,5;8,6;19,7;24,3;21,4;28,5
71248;;Bien Unido;32,0;38,7;9,5;8,4;27,1;36,9;33,4;44,1
72201;Cebu;Alcantara;22,3;35,8;15,3;12,2;16,7;27,9;28,6;43,0
72202;;Alcoy;22,9;46,3;15,8;12,8;17,0;28,8;36,6;56,1
72203;;Alegria;23,2;45,3;14,2;9,1;17,8;28,6;38,5;52,1
72204;;Aloguinsan;22,7;39,2;12,2;10,8;18,1;27,3;32,3;46,2
72205;;Argao;15,9;35,0;8,4;6,5;13,8;18,0;31,3;38,7
72206;;Asturias;26,0;42,5;9,6;7,4;21,9;30,1;37,3;47,7
72207;;Badian;26,5;43,2;8,1;6,7;22,9;30,1;38,4;48,0
72208;;Balamban;18,9;34,0;11,2;8,6;15,5;22,4;29,2;38,8
72209;;Bantayan;23,5;41,3;9,0;7,8;20,1;27,0;36,0;46,6
72210;;Barili;23,5;38,2;6,9;5,2;20,9;26,1;34,9;41,5
72211;;City of Bogo;13,1;27,6;12,1;9,0;10,5;15,7;23,5;31,7
72212;;Boljoon;23,3;47,1;12,9;9,2;18,4;28,2;39,9;54,2
72213;;Borbon;20,7;39,8;11,1;7,6;16,9;24,5;34,8;44,8
72214;;City of Carcar;13,8;30,7;14,5;11,2;10,5;17,1;25,1;36,4
72215;;Carmen;14,1;29,3;11,0;9,9;11,5;16,7;24,5;34,1
72216;;Catmon;16,1;35,4;12,0;9,1;13,0;19,2;30,1;40,7
72218;;Compostela;12,4;24,8;10,9;11,8;10,1;14,7;20,0;29,6
72219;;Consolacion;6,6;18,7;19,3;11,0;4,5;8,7;15,3;22,1
72220;;Cordova;9,0;23,0;18,7;14,0;6,2;11,8;17,7;28,3
72221;;Daanbantayan;17,8;35,8;11,3;8,1;14,5;21,1;31,0;40,6
72222;;Dalaguete;25,2;45,0;7,5;6,3;22,1;28,3;40,4;49,7
72223;;Danao City;14,3;29,6;7,8;8,3;12,5;16,1;25,6;33,6
72224;;Dumanjug;22,3;37,9;7,5;8,0;19,5;25,1;32,9;42,9
72225;;Ginatilan;19,8;41,7;13,8;10,1;15,4;24,2;34,8;48,7
72227;;Liloan;7,2;18,8;19,3;16,8;4,9;9,5;13,6;24,0
72228;;Madridejos;19,5;34,4;12,6;9,3;15,4;23,6;29,1;39,7
72229;;Malabuyoc;27,0;50,4;10,9;8,6;22,2;31,8;43,3;57,5
72231;;Medellin;20,2;39,1;9,7;8,4;16,9;23,5;33,7;44,5
72232;;Minglanilla;7,7;17,5;17,3;11,7;5,6;9,8;14,1;20,9
72233;;Moalboal;16,9;33,5;14,1;11,4;13,0;20,9;27,2;39,7
72234;;City of Naga;15,3;26,0;10,4;7,9;12,7;17,9;22,6;29,4
72235;;Oslob;22,6;42,8;9,2;8,0;19,2;26,1;37,2;48,4
72236;;Pilar;23,5;45,3;13,2;9,8;18,4;28,6;38,0;52,7
72237;;Pinamungahan;24,0;36,5;9,1;8,5;20,4;27,6;31,4;41,6
72238;;Poro;21,0;44,6;11,5;8,8;17,1;25,0;38,2;51,0
72239;;Ronda;21,2;39,0;11,4;9,9;17,3;25,2;32,6;45,3
72240;;Samboan;21,6;44,4;10,8;9,6;17,8;25,4;37,3;51,4
72241;;San Fernando;15,0;28,2;11,6;9,8;12,2;17,8;23,7;32,7
72242;;San Francisco;31,7;54,3;9,7;5,5;26,6;36,8;49,4;59,2
72243;;San Remigio;15,9;35,1;11,8;7,9;12,8;19,0;30,6;39,7
72244;;Santa Fe;24,9;40,8;12,3;9,9;19,8;30,0;34,2;47,5
72245;;Santander;18,7;35,1;14,4;11,8;14,3;23,1;28,3;42,0
72246;;Sibonga;18,6;40,6;8,8;7,4;16,0;21,2;35,7;45,6
72247;;Sogod;19,2;37,1;12,2;9,5;15,4;23,0;31,3;42,9
72248;;Tabogon;21,5;37,6;10,0;7,9;18,1;25,0;32,7;42,5
72249;;Tabuelan;22,2;44,6;12,7;10,9;17,6;26,8;36,6;52,6
72250;;City of Talisay;8,2;19,2;12,3;10,2;6,6;9,9;16,0;22,4
72251;;City of Toledo;17,2;32,4;8,7;6,8;14,7;19,7;28,8;36,0
72252;;Tuburan;24,4;44,5;7,2;6,1;21,4;27,4;40,0;49,0
72253;;Tudela;19,7;35,8;18,1;12,2;13,8;25,6;28,6;43,0
74601;Negros Oriental;Amlan;12,7;21,1;20,6;18,7;8,4;17,0;14,6;27,6
74602;;Ayungon;30,5;38,4;8,5;6,7;26,2;34,8;34,2;42,6
74603;;Bacong;13,9;15,9;13,0;15,0;10,9;16,9;12,0;19,9
74604;;City of Bais;22,8;30,9;9,0;7,8;19,4;26,3;26,9;34,9
74605;;Basay;29,1;40,1;13,0;11,4;22,9;35,4;32,6;47,7
74606;;City of Bayawan;29,5;33,7;8,5;7,8;25,4;33,6;29,4;38,0
74607;;Bindoy;37,8;38,7;9,2;10,4;32,0;43,6;32,1;45,4
74608;;City of Canlaon;23,6;29,3;12,6;9,2;18,7;28,5;24,8;33,7
74609;;Dauin;17,5;24,0;11,0;10,5;14,4;20,6;19,8;28,1
74610;;City of Dumaguete;3,2;7,7;21,2;13,9;2,1;4,4;6,0;9,5
74611;;City of Guihulngan;31,7;39,4;7,8;7,2;27,6;35,8;34,8;44,1
74612;;Jimalalud;33,3;41,5;7,8;8,0;29,0;37,6;36,0;47,1
74613;;La Libertad;31,4;38,8;8,6;7,9;27,0;35,8;33,8;43,8
74614;;Mabinay;32,7;30,3;8,3;7,9;28,3;37,1;26,3;34,2
74615;;Manjuyod;25,1;29,0;9,3;8,9;21,3;28,9;24,8;33,3
74616;;Pamplona;25,6;28,9;8,9;12,3;21,8;29,4;23,1;34,8
74617;;San Jose;17,1;20,4;12,9;13,8;13,5;20,7;15,7;25,0
74618;;Santa Catalina;28,6;32,2;10,0;8,8;23,8;33,4;27,6;36,9
74619;;Siaton;30,7;37,9;8,0;7,3;26,8;34,7;33,3;42,4
74620;;Sibulan;10,9;13,4;13,7;13,1;8,4;13,4;10,5;16,3
74621;;City of Tanjay;18,9;26,0;9,4;7,4;15,9;21,9;22,9;29,2
74622;;Tayasan;29,2;36,8;7,8;7,8;25,4;33,0;32,1;41,5
74623;;Valencia;13,0;15,6;11,1;11,7;10,5;15,5;12,6;18,6
74624;;Vallehermoso;32,3;39,4;10,5;7,6;26,7;37,9;34,5;44,3
74625;;Zamboanguita;17,5;28,2;18,2;13,4;12,2;22,8;22,0;34,4
76101;Siquijor;Enrique Villanueva;14,4;9,0;13,7;22,7;11,1;17,7;5,7;12,4
76102;;Larena;9,5;6,5;12,1;16,8;7,7;11,3;4,7;8,2
76103;;Lazi;20,3;9,4;12,6;16,4;16,0;24,6;6,9;11,9
76104;;Maria;24,9;9,6;8,8;15,4;21,3;28,5;7,1;12,0
76105;;San Juan;13,0;7,7;17,2;17,0;9,4;16,6;5,5;9,8
76106;;Siquijor;13,1;5,7;10,4;12,8;10,8;15,4;4,5;6,9
;Region VIII (Eastern Visayas);;;;;;;;;
82601;Eastern Samar;Arteche;58,7;49,0;5,0;6,4;53,9;63,5;43,8;54,2
82602;;Balangiga;50,1;35,9;6,5;10,9;44,7;55,4;29,5;42,4
82603;;Balangkayan;50,4;38,9;6,6;10,0;45,0;55,9;32,5;45,3
82604;;City of Borongan;37,4;26,5;4,6;7,1;34,6;40,3;23,4;29,6
82605;;Can-avid;52,2;35,5;3,9;7,7;48,8;55,6;31,0;40,0
82606;;Dolores;55,3;40,9;3,8;7,0;51,9;58,8;36,2;45,6
82607;;General MacArthur;58,0;43,2;4,2;7,5;53,9;62,0;37,9;48,5
82608;;Giporlos;51,6;41,7;5,4;7,8;47,0;56,1;36,3;47,1
82609;;Guiuan;43,4;35,2;4,0;6,7;40,5;46,2;31,4;39,1
82610;;Hernani;49,7;38,7;7,2;10,5;43,8;55,6;32,0;45,4
82611;;Jipapad;65,5;51,9;5,0;9,3;60,1;70,8;44,0;59,9
82612;;Lawaan;46,6;35,2;7,0;7,9;41,2;52,0;30,6;39,8
82613;;Llorente;51,8;38,7;4,6;8,2;47,9;55,7;33,5;43,9
82614;;Maslog;73,4;50,1;5,7;11,6;66,6;80,3;40,6;59,6
82615;;Maydolong;46,4;33,2;6,2;9,9;41,7;51,1;27,8;38,6
82616;;Mercedes;37,9;33,2;6,7;9,5;33,8;42,1;28,1;38,4
82617;;Oras;55,2;39,7;3,6;7,6;51,9;58,5;34,7;44,6
82618;;Quinapondan;51,3;42,0;4,5;7,6;47,5;55,0;36,8;47,2
82619;;Salcedo;44,9;37,2;4,7;8,3;41,4;48,4;32,1;42,3
82620;;San Julian;48,4;36,3;6,7;10,5;43,1;53,7;30,0;42,6
82621;;San Policarpo;55,8;41,2;6,0;9,9;50,4;61,3;34,5;48,0
82622;;Sulat;45,6;31,4;6,1;11,1;41,0;50,1;25,7;37,1
82623;;Taft;47,6;38,7;5,4;6,9;43,4;51,8;34,3;43,1
83701;Leyte;Abuyog;28,2;27,8;6,3;7,0;25,3;31,1;24,6;31,0
83702;;Alangalang;31,1;30,7;6,5;7,3;27,7;34,4;27,0;34,4
83703;;Albuera;27,2;29,1;12,5;11,4;21,6;32,8;23,7;34,6
83705;;Babatngon;33,1;34,3;8,2;9,9;28,6;37,6;28,7;39,9
83706;;Barugo;26,5;27,0;7,9;8,3;23,1;29,9;23,3;30,6
83707;;Bato;29,2;31,5;8,5;7,5;25,1;33,2;27,6;35,4
83708;;City of Baybay;22,8;26,0;6,9;5,9;20,2;25,4;23,5;28,6
83710;;Burauen;27,8;28,2;5,8;7,3;25,2;30,4;24,8;31,6
83713;;Calubian;29,4;31,5;6,6;6,7;26,1;32,6;28,0;34,9
83714;;Capoocan;32,9;34,5;9,1;9,4;27,9;37,8;29,1;39,8
83715;;Carigara;25,0;26,5;6,7;8,1;22,2;27,8;23,0;30,1
83717;;Dagami;33,7;31,2;5,4;6,5;30,7;36,7;27,9;34,6
83718;;Dulag;24,6;27,6;7,4;7,3;21,6;27,6;24,2;30,9
83719;;Hilongos;26,1;29,8;7,3;7,0;22,9;29,2;26,4;33,2
83720;;Hindang;23,6;28,3;11,0;10,3;19,4;27,9;23,5;33,2
83721;;Inopacan;26,2;29,1;11,3;10,1;21,3;31,0;24,2;33,9
83722;;Isabel;17,8;24,3;12,0;12,2;14,3;21,3;19,5;29,2
83723;;Jaro;31,6;30,6;6,0;8,1;28,5;34,7;26,5;34,7
83724;;Javier (Bugho);30,7;29,2;8,0;8,1;26,7;34,7;25,3;33,1
83725;;Julita;28,4;32,1;8,9;8,4;24,2;32,5;27,7;36,6
83726;;Kananga;31,1;34,7;8,9;8,2;26,5;35,6;30,0;39,4
83728;;Lapaz;31,6;32,1;7,8;7,7;27,6;35,7;28,0;36,1
83729;;Leyte;36,9;38,4;7,6;7,0;32,3;41,6;34,0;42,9
83730;;MacArthur;29,6;30,0;8,2;8,7;25,7;33,6;25,7;34,3
83731;;Mahaplag;31,9;34,7;8,6;9,7;27,3;36,4;29,1;40,2
83733;;Matag-ob;29,2;32,8;9,6;11,0;24,6;33,8;26,9;38,8
83734;;Matalom;26,5;28,9;8,0;8,2;23,0;30,0;25,0;32,8
83735;;Mayorga;29,6;31,1;10,1;10,3;24,6;34,5;25,8;36,3
83736;;Merida;23,0;30,3;12,2;10,3;18,4;27,6;25,2;35,4
83738;;Ormoc City;22,1;25,5;7,3;5,3;19,5;24,8;23,3;27,7
83739;;Palo;18,6;20,1;9,7;9,6;15,6;21,5;16,9;23,3
83740;;Palompon;20,8;25,9;8,6;8,0;17,9;23,8;22,5;29,3
83741;;Pastrana;28,5;32,6;8,4;8,7;24,6;32,4;27,9;37,2
83742;;San Isidro;32,7;33,1;8,9;9,8;27,9;37,5;27,8;38,4
83743;;San Miguel;33,2;32,3;7,6;9,5;29,1;37,4;27,3;37,4
83744;;Santa Fe;27,9;31,5;10,3;9,3;23,2;32,7;26,7;36,4
83745;;Tabango;30,8;39,2;10,4;9,8;25,6;36,1;32,9;45,6
83746;;Tabontabon;30,6;27,3;8,8;11,0;26,2;35,1;22,3;32,2
83748;;Tanauan;20,9;24,7;8,0;7,9;18,2;23,7;21,5;27,9
83749;;Tolosa;21,0;24,8;12,6;12,4;16,6;25,3;19,7;29,8
83750;;Tunga;18,2;20,7;17,4;15,6;13,0;23,5;15,4;26,1
83751;;Villaba;26,3;32,7;8,4;7,7;22,6;29,9;28,6;36,9
84801;Northern Samar;Allen;24,0;18,1;10,6;13,0;19,8;28,1;14,3;22,0
84802;;Biri;41,8;26,5;9,7;16,9;35,1;48,4;19,2;33,9
84803;;Bobon;34,6;22,5;8,8;10,8;29,6;39,6;18,5;26,5
84804;;Capul;37,4;17,9;10,3;17,7;31,1;43,7;12,7;23,1
84805;;Catarman;30,3;20,6;5,1;8,8;27,7;32,8;17,6;23,6
84806;;Catubig;44,1;26,4;5,3;8,5;40,3;48,0;22,8;30,1
84807;;Gamay;33,5;26,3;7,1;9,2;29,5;37,4;22,3;30,3
84808;;Laoang;39,8;24,3;4,8;6,9;36,7;42,9;21,6;27,1
84809;;Lapinig;37,7;26,0;8,7;13,5;32,3;43,1;20,3;31,8
84810;;Las Navas;50,1;29,5;3,8;7,9;46,9;53,3;25,6;33,3
84811;;Lavezares;34,1;24,7;7,1;11,0;30,1;38,1;20,2;29,1
84812;;Mapanas;42,5;29,1;7,9;12,7;37,0;48,1;23,0;35,1
84813;;Mondragon;39,5;30,9;8,6;9,0;34,0;45,1;26,3;35,4
84814;;Palapag;40,0;24,4;5,9;9,3;36,1;43,9;20,7;28,2
84815;;Pambujan;44,7;32,4;5,5;9,4;40,7;48,7;27,3;37,4
84816;;Rosario;33,0;26,3;10,0;13,7;27,5;38,4;20,4;32,2
84817;;San Antonio;26,8;19,5;13,0;18,0;21,1;32,6;13,7;25,3
84818;;San Isidro;32,6;33,1;9,1;9,8;27,7;37,4;27,8;38,4
84819;;San Jose;32,1;23,7;8,8;10,7;27,5;36,7;19,5;27,8
84820;;San Roque;44,1;29,6;7,4;11,6;38,8;49,4;23,9;35,2
84821;;San Vicente;37,3;25,2;11,1;17,2;30,5;44,1;18,1;32,4
84822;;Silvino Lobos;56,9;39,5;5,6;9,8;51,7;62,2;33,2;45,9
84823;;Victoria;33,6;24,6;9,1;10,9;28,6;38,6;20,2;29,0
84824;;Lope De Vega;47,9;35,0;7,3;9,5;42,1;53,6;29,5;40,5
86001;Samar (Western);Almagro;30,3;33,9;10,1;10,0;25,2;35,3;28,4;39,5
86002;;Basey;26,9;28,6;6,9;7,1;23,8;29,9;25,2;31,9
86003;;City of Calbayog;23,7;25,9;5,1;5,6;21,7;25,6;23,6;28,3
86004;;Calbiga;24,9;28,1;8,9;9,0;21,2;28,5;23,9;32,3
86005;;City of Catbalogan;19,0;20,5;9,1;9,3;16,2;21,8;17,3;23,6
86006;;Daram;41,2;38,8;6,0;7,3;37,1;45,2;34,2;43,4
86007;;Gandara;31,3;35,2;5,6;5,9;28,5;34,2;31,7;38,6
86008;;Hinabangan;28,3;27,0;10,1;11,7;23,6;33,0;21,8;32,2
86009;;Jiabong;25,7;26,2;8,7;9,5;22,0;29,3;22,1;30,3
86010;;Marabut;27,4;31,3;11,0;9,2;22,5;32,4;26,5;36,0
86011;;Matuguinao;39,8;42,6;8,5;9,4;34,2;45,4;36,0;49,1
86012;;Motiong;30,9;29,9;8,9;11,3;26,3;35,4;24,3;35,4
86013;;Pinabacdao;30,4;34,9;8,3;9,1;26,3;34,6;29,7;40,1
86014;;San Jose de Buan;38,8;38,6;10,7;12,6;31,9;45,6;30,6;46,6
86015;;San Sebastian;27,8;26,9;11,2;12,6;22,6;32,9;21,3;32,5
86016;;Santa Margarita;25,5;31,5;9,8;8,3;21,4;29,6;27,2;35,8
86017;;Santa Rita;34,4;36,6;6,5;7,8;30,7;38,1;31,9;41,3
86018;;Santo Nino;30,7;34,6;10,6;11,5;25,3;36,0;28,1;41,1
86019;;Talalora;37,2;36,0;11,1;12,0;30,4;43,9;28,9;43,1
86020;;Tarangnan;29,9;33,5;8,8;7,6;25,6;34,2;29,4;37,7
86021;;Villareal;32,6;33,9;6,5;8,1;29,1;36,1;29,4;38,4
86022;;Paranas (Wright);26,4;26,5;7,2;8,6;23,3;29,6;22,8;30,3
86023;;Zumarraga;38,9;34,3;8,2;8,4;33,6;44,1;29,5;39,0
86024;;Tagapul-an;31,6;32,5;11,2;13,1;25,8;37,4;25,5;39,5
86025;;San Jorge;29,6;32,2;7,0;7,9;26,2;33,0;28,0;36,4
86026;;Pagsanghan;29,2;30,2;10,8;10,5;24,0;34,4;25,0;35,4
86401;Southern Leyte;Anahawan;23,6;24,8;11,2;12,2;19,3;28,0;19,8;29,7
86402;;Bontoc;29,7;27,3;6,5;7,3;26,5;32,9;24,1;30,6
86403;;Hinunangan;25,2;21,9;7,2;9,1;22,2;28,2;18,7;25,2
86404;;Hinundayan;23,2;21,7;10,0;12,5;19,4;27,0;17,2;26,1
86405;;Libagon;28,1;26,3;11,1;13,0;23,0;33,3;20,7;32,0
86406;;Liloan;29,3;30,8;7,4;8,0;25,8;32,9;26,8;34,9
86407;;City of Maasin;20,5;20,0;6,2;7,5;18,4;22,6;17,5;22,5
86408;;Macrohon;23,2;21,8;9,1;10,4;19,7;26,6;18,1;25,6
86409;;Malitbog;29,8;29,9;5,8;7,3;27,0;32,7;26,4;33,5
86410;;Padre Burgos;24,0;23,0;10,8;13,0;19,7;28,2;18,1;27,9
86411;;Pintuyan;27,3;25,3;9,5;10,0;23,0;31,5;21,1;29,5
86412;;Saint Bernard;25,5;29,2;9,0;9,3;21,7;29,3;24,7;33,6
86413;;San Francisco;27,5;26,4;8,0;10,2;23,9;31,1;21,9;30,8
86414;;San Juan (Cabalian);24,5;24,9;9,2;9,8;20,8;28,2;20,9;28,9
86415;;San Ricardo;30,6;28,2;10,4;12,9;25,4;35,9;22,2;34,2
86416;;Silago;26,8;22,2;11,3;11,0;21,8;31,7;18,1;26,2
86417;;Sogod;27,2;24,7;7,1;7,5;24,1;30,4;21,6;27,7
86418;;Tomas Oppus;26,5;25,7;7,5;9,2;23,2;29,8;21,8;29,6
86419;;Limasawa;22,5;27,0;16,2;19,4;16,5;28,5;18,4;35,6
87801;Biliran;Almeria;16,8;21,6;14,5;8,2;12,8;20,8;18,6;24,5
87802;;Biliran;22,4;25,5;11,2;10,6;18,3;26,6;21,1;30,0
87803;;Cabucgayan;27,9;29,8;13,1;7,9;21,8;33,9;25,9;33,7
87804;;Caibiran;31,1;31,0;9,7;7,9;26,2;36,1;27,0;35,0
87805;;Culaba;28,8;30,1;9,2;8,5;24,4;33,1;25,9;34,3
87806;;Kawayan;27,0;24,3;9,4;8,1;22,9;31,2;21,1;27,5
87807;;Maripipi;20,4;28,9;14,2;10,4;15,7;25,2;23,9;33,8
87808;;Naval;22,9;20,7;9,8;7,0;19,2;26,6;18,3;23,1
;Region IX (Zamboanga Peninsula);;;;;;;;;
97201;Zamboanga del Norte;City of Dapitan;27,1;35,6;9,7;6,5;22,8;31,5;31,8;39,4
97202;;City of Dipolog;17,9;21,1;12,4;10,7;14,3;21,6;17,4;24,8
97203;;Katipunan;52,9;47,5;5,5;5,3;48,0;57,7;43,3;51,6
97204;;La Libertad;53,0;46,1;8,5;8,6;45,6;60,4;39,6;52,5
97205;;Labason;45,2;43,5;7,1;7,6;39,9;50,4;38,0;48,9
97206;;Liloy;44,4;44,8;5,9;5,0;40,1;48,8;41,1;48,5
97207;;Manukan;49,2;49,9;7,1;4,9;43,5;55,0;45,9;54,0
97208;;Mutia;46,8;47,4;9,2;8,2;39,7;53,9;41,0;53,7
97209;;Piñan;46,5;43,3;7,0;6,7;41,2;51,8;38,5;48,0
97210;;Polanco;42,4;36,5;5,9;6,4;38,3;46,6;32,6;40,3
97211;;Pres. Manuel A. Roxas;55,6;50,3;5,2;4,6;50,8;60,4;46,5;54,2
97212;;Rizal;39,5;43,4;7,2;6,1;34,9;44,2;39,0;47,7
97213;;Salug;49,4;51,3;6,2;5,9;44,3;54,4;46,3;56,3
97214;;Sergio Osmeña Sr.;59,2;60,8;4,3;4,5;55,0;63,4;56,4;65,3
97215;;Siayan;62,0;67,0;6,0;4,0;55,8;68,1;62,6;71,4
97216;;Sibuco;58,6;58,7;6,6;5,2;52,2;64,9;53,6;63,7
97217;;Sibutad;46,3;44,3;9,7;7,9;39,0;53,7;38,6;50,1
97218;;Sindangan;37,1;47,5;8,7;4,1;31,8;42,4;44,3;50,7
97219;;Siocon;51,4;47,3;5,7;5,1;46,5;56,2;43,3;51,3
97220;;Sirawai;57,6;62,7;8,4;5,6;49,6;65,6;56,9;68,4
97221;;Tampilisan;48,2;46,4;6,9;6,5;42,8;53,6;41,5;51,4
97222;;Jose Dalman (Ponot);56,5;57,7;6,4;5,8;50,5;62,5;52,1;63,2
97223;;Gutalac;59,7;57,4;5,3;4,5;54,5;64,8;53,1;61,6
97224;;Baliguian;52,6;63,7;7,7;5,3;45,9;59,2;58,2;69,2
97225;;Godod;59,3;58,2;7,0;5,1;52,5;66,1;53,3;63,1
97226;;Bacungan (Leon T. Postigo);55,8;53,8;6,8;6,7;49,5;62,0;47,9;59,7
97227;;Kalawit;56,5;54,8;8,4;7,1;48,7;64,3;48,3;61,2
97302;Zamboanga del Sur;Aurora;29,8;21,0;8,0;9,9;25,9;33,7;17,6;24,4
97303;;Bayog;37,9;29,8;8,1;7,1;32,8;42,9;26,3;33,3
97305;;Dimataling;36,6;30,1;10,6;11,9;30,2;42,9;24,2;36,0
97306;;Dinas;36,8;34,0;9,0;7,3;31,4;42,3;29,9;38,1
97307;;Dumalinao;32,8;22,7;7,6;10,2;28,7;36,9;18,9;26,5
97308;;Dumingag;39,8;31,7;6,6;6,1;35,4;44,1;28,5;34,9
97311;;Kumalarang;37,7;30,6;12,8;10,0;29,8;45,6;25,6;35,6
97312;;Labangan;32,4;24,2;8,9;7,1;27,7;37,1;21,3;27,0
97313;;Lapuyan;41,0;43,5;8,1;6,2;35,6;46,4;39,0;47,9
97315;;Mahayag;35,4;26,1;7,5;8,3;31,0;39,7;22,5;29,7
97317;;Margosatubig;32,3;30,8;15,9;9,3;23,8;40,8;26,1;35,5
97318;;Midsalip;45,3;41,1;6,1;7,0;40,8;49,9;36,4;45,8
97319;;Molave;18,6;18,3;14,7;9,8;14,1;23,1;15,3;21,2
97322;;City of Pagadian;14,1;13,4;13,2;11,8;11,0;17,1;10,8;16,0
97323;;Ramon Magsaysay;32,6;25,8;8,6;8,9;28,0;37,2;22,0;29,5
97324;;San Miguel;32,7;31,9;11,3;9,4;26,6;38,8;27,0;36,9
97325;;San Pablo;38,8;29,7;7,4;8,0;34,1;43,5;25,8;33,6
97327;;Tabina;37,9;30,8;10,6;11,8;31,3;44,5;24,8;36,7
97328;;Tambulig;32,3;24,6;8,9;9,1;27,6;37,1;20,9;28,3
97330;;Tukuran;33,4;23,1;10,9;11,3;27,4;39,3;18,8;27,4
97333;;Lakewood;39,1;35,2;11,8;9,1;31,5;46,8;30,0;40,5
97337;;Josefina;28,1;28,9;12,1;10,7;22,5;33,7;23,8;34,0
97338;;Pitogo;36,9;33,8;11,9;8,3;29,7;44,1;29,2;38,5
97340;;Sominot;38,4;35,5;9,4;8,2;32,5;44,3;30,7;40,3
97341;;Vincenzo A. Sagun;30,8;28,1;11,3;9,4;25,1;36,5;23,7;32,4
97343;;Guipos;31,6;27,2;11,0;10,8;25,9;37,4;22,4;32,1
97344;;Tigbao;39,5;30,0;9,7;11,1;33,2;45,8;24,5;35,5
98301;Zamboanga Sibugay;Alicia;37,3;34,4;8,6;8,3;32,1;42,6;29,7;39,1
98302;;Buug;25,3;24,6;11,7;8,1;20,5;30,2;21,3;27,8
98303;;Diplahan;28,9;28,2;11,7;9,1;23,3;34,5;24,0;32,5
98304;;Imelda;29,3;30,2;11,7;9,4;23,6;34,9;25,6;34,9
98305;;Ipil;22,3;18,3;11,3;11,4;18,2;26,4;14,9;21,8
98306;;Kabasalan;30,1;26,5;8,6;9,1;25,8;34,4;22,6;30,5
98307;;Mabuhay;42,9;40,8;9,7;8,3;36,1;49,8;35,3;46,4
98308;;Malangas;30,8;33,3;11,4;7,9;25,0;36,6;29,0;37,6
98309;;Naga;32,8;32,5;9,2;6,8;27,8;37,7;28,8;36,1
98310;;Olutanga;36,6;27,6;11,7;9,5;29,6;43,7;23,2;31,9
98311;;Payao;38,8;37,5;9,9;7,8;32,5;45,1;32,7;42,3
98312;;Roseller Lim;32,3;29,4;8,4;9,6;27,8;36,7;24,7;34,0
98313;;Siay;33,0;31,5;8,7;9,2;28,3;37,7;26,7;36,3
98314;;Talusan;42,3;39,4;12,2;8,9;33,8;50,8;33,7;45,2
98315;;Titay;33,5;28,8;8,8;9,3;28,7;38,4;24,4;33,2
98316;;Tungawan;36,3;37,0;9,5;6,9;30,6;42,0;32,8;41,2
;Region X (Northern Mindanao);;;;;;;;;
101301;Bukidnon;Baungon;34,7;39,0;9,5;9,5;29,2;40,1;32,9;45,1
101302;;Damulog;35,4;46,9;8,9;9,8;30,3;40,6;39,4;54,5
101303;;Dangcagan;27,6;29,8;11,7;13,3;22,3;33,0;23,3;36,3
101304;;Don Carlos;27,1;26,5;8,0;8,1;23,5;30,6;23,0;30,1
101305;;Impasug-ong;33,8;40,7;10,5;7,8;27,9;39,7;35,5;45,9
101306;;Kadingilan;33,6;34,4;9,3;7,1;28,5;38,8;30,4;38,4
101307;;Kalilangan;31,9;30,0;9,4;10,3;27,0;36,8;24,9;35,1
101308;;Kibawe;28,5;33,5;8,5;5,4;24,5;32,5;30,5;36,5
101309;;Kitaotao;35,6;37,6;7,2;5,2;31,4;39,8;34,4;40,8
101310;;Lantapan;33,9;38,1;9,0;8,5;28,9;38,9;32,8;43,5
101311;;Libona;27,7;33,1;11,8;8,7;22,4;33,1;28,4;37,9
101312;;City of Malaybalay;21,6;22,3;7,7;6,8;18,9;24,3;19,8;24,8
101313;;Malitbog;35,6;42,7;10,8;10,2;29,3;42,0;35,5;49,8
101314;;Manolo Fortich;23,1;25,2;8,8;11,3;19,8;26,4;20,5;29,9
101315;;Maramag;23,4;26,7;8,9;7,2;20,0;26,9;23,5;29,9
101316;;Pangantucan;31,7;31,9;9,3;9,5;26,9;36,6;26,9;36,9
101317;;Quezon;29,8;32,0;7,0;6,4;26,4;33,3;28,6;35,3
101318;;San Fernando;36,3;36,6;6,9;8,8;32,2;40,4;31,3;41,9
101319;;Sumilao;32,3;38,5;13,4;14,5;25,2;39,4;29,3;47,6
101320;;Talakag;43,4;39,4;5,1;6,8;39,7;47,1;35,0;43,8
101321;;City of Valencia;21,9;24,9;9,1;6,1;18,6;25,2;22,4;27,4
101322;;Cabanglasan;34,0;33,5;9,9;5,3;28,5;39,6;30,5;36,4
101801;Camiguin;Catarman;26,6;22,8;10,5;6,3;22,0;31,2;20,5;25,2
101802;;Guinsiliban;30,4;28,1;13,9;9,9;23,4;37,3;23,5;32,6
101803;;Mahinog;26,3;24,0;10,4;8,7;21,8;30,9;20,5;27,4
101804;;Mambajao;21,4;15,0;11,2;8,2;17,5;25,4;13,0;17,0
101805;;Sagay;32,7;31,9;10,5;6,3;27,0;38,4;28,6;35,3
103501;Lanao del Norte;Bacolod;20,4;26,4;12,1;12,2;16,4;24,5;21,1;31,7
103502;;Baloi;29,1;37,5;8,7;8,9;25,0;33,3;32,1;43,0
103503;;Baroy;17,1;23,4;12,0;8,7;13,7;20,5;20,1;26,8
103505;;Kapatagan;17,8;29,7;11,3;4,9;14,5;21,1;27,3;32,1
103506;;Sultan Naga Dimaporo;27,7;40,3;7,5;7,3;24,3;31,1;35,4;45,1
103507;;Kauswagan;23,2;26,4;12,4;8,8;18,5;28,0;22,6;30,3
103508;;Kolambugan;18,6;25,6;9,5;7,6;15,7;21,5;22,4;28,8
103509;;Lala;18,5;27,4;10,6;7,3;15,3;21,8;24,1;30,6
103510;;Linamon;20,5;30,1;13,0;11,2;16,1;24,9;24,6;35,6
103511;;Magsaysay;31,9;48,8;8,0;5,7;27,7;36,1;44,2;53,3
103512;;Maigo;18,8;28,6;12,7;8,7;14,8;22,7;24,5;32,6
103513;;Matungao;41,0;41,8;10,0;8,2;34,2;47,7;36,2;47,4
103514;;Munai;36,3;47,6;7,4;5,4;31,9;40,8;43,3;51,8
103515;;Nunungan;44,2;57,4;5,9;4,9;39,9;48,5;52,8;62,1
103516;;Pantao Ragat;42,5;45,8;7,2;4,7;37,5;47,6;42,3;49,3
103517;;Poona Piagapo;51,4;54,0;5,6;5,4;46,7;56,1;49,2;58,8
103518;;Salvador;29,1;36,9;10,1;7,0;24,3;34,0;32,6;41,1
103519;;Sapad;25,1;40,5;12,4;6,3;20,0;30,2;36,3;44,7
103520;;Tagoloan;36,5;55,9;14,0;4,8;28,1;44,8;51,5;60,3
103521;;Tangcal;44,1;56,3;8,9;4,3;37,6;50,6;52,4;60,3
103522;;Tubad;18,1;28,4;11,8;7,4;14,6;21,6;25,0;31,9
103523;;Pantar;36,7;45,2;7,7;8,6;32,1;41,4;38,8;51,6
104201;Misamis Occidental;Aloran;23,5;28,1;6,5;5,8;21,0;26,0;25,4;30,8
104202;;Baliangao;26,8;32,3;11,3;8,5;21,8;31,7;27,7;36,8
104203;;Bonifacio;35,0;33,3;6,4;7,0;31,3;38,6;29,5;37,1
104204;;Calamba;24,0;24,1;8,5;14,5;20,6;27,4;18,4;29,8
104205;;Clarin;22,5;24,2;8,7;7,8;19,3;25,7;21,1;27,3
104206;;Concepcion;49,9;49,9;7,0;6,5;44,2;55,6;44,6;55,2
104207;;Jimenez;20,4;21,5;9,9;6,1;17,1;23,8;19,4;23,7
104208;;Lopez Jaena;28,2;36,5;9,3;8,2;23,9;32,5;31,6;41,4
104209;;City of Oroquieta;15,6;20,5;8,8;5,1;13,3;17,8;18,7;22,2
104210;;City of Ozamiz;21,1;21,0;7,6;6,1;18,5;23,8;18,9;23,1
104211;;Panaon;18,1;22,6;13,9;9,3;14,0;22,2;19,2;26,1
104212;;Plaridel;23,8;27,1;8,3;7,6;20,5;27,0;23,7;30,5
104213;;Sapang Dalaga;35,4;37,2;7,0;6,4;31,3;39,5;33,3;41,2
104214;;Sinacaban;24,2;23,8;9,7;8,6;20,3;28,0;20,4;27,1
104215;;City of Tangub;27,5;27,3;6,5;6,0;24,6;30,4;24,7;30,0
104216;;Tudela;24,4;23,5;7,8;10,6;21,3;27,5;19,4;27,6
104217;;Don Victoriano Chiongbian;35,7;43,3;11,3;8,8;29,1;42,4;37,0;49,6
104301;Misamis Oriental;Alubijid;14,9;21,6;12,7;10,6;11,8;18,0;17,8;25,4
104302;;Balingasag;20,2;24,3;9,4;5,4;17,0;23,3;22,1;26,5
104303;;Balingoan;18,5;26,3;15,4;8,4;13,8;23,1;22,6;29,9
104304;;Binuangan;17,1;25,9;16,8;14,5;12,4;21,9;19,7;32,1
104306;;Claveria;22,1;30,1;10,0;9,7;18,5;25,7;25,3;34,9
104307;;City of El Salvador;13,3;23,5;15,6;8,0;9,9;16,8;20,4;26,6
104308;;City of Gingoog;22,7;27,8;6,3;5,2;20,4;25,1;25,4;30,2
104309;;Gitagum;15,8;29,7;18,1;4,4;11,1;20,6;27,5;31,8
104310;;Initao;17,0;25,5;13,8;7,6;13,2;20,9;22,3;28,7
104311;;Jasaan;16,7;25,5;12,7;10,1;13,2;20,2;21,3;29,8
104312;;Kinoguitan;17,1;27,0;11,5;9,2;13,9;20,3;22,9;31,1
104313;;Lagonglong;18,9;27,9;13,8;8,2;14,6;23,2;24,1;31,7
104314;;Laguindingan;15,2;23,6;15,6;10,3;11,3;19,1;19,6;27,6
104315;;Libertad;17,9;24,7;19,3;15,0;12,2;23,6;18,6;30,8
104316;;Lugait;14,1;22,2;18,0;11,4;9,9;18,3;18,0;26,4
104317;;Magsaysay;25,8;34,9;8,4;6,6;22,2;29,4;31,1;38,6
104318;;Manticao;17,7;25,2;15,1;11,5;13,3;22,1;20,4;29,9
104319;;Medina;18,2;28,5;11,2;8,3;14,8;21,5;24,6;32,4
104320;;Naawan;16,7;22,6;14,5;7,2;12,7;20,6;19,9;25,3
104321;;Opol;12,7;14,3;15,2;16,8;9,5;15,8;10,3;18,2
104322;;Salay;17,3;27,2;12,6;9,6;13,7;20,8;22,9;31,5
104323;;Sugbongcogon;17,9;26,2;15,7;11,1;13,3;22,5;21,4;31,0
104324;;Tagoloan;16,8;25,0;15,8;11,6;12,5;21,2;20,2;29,8
104325;;Talisayan;19,9;26,5;12,4;7,2;15,8;23,9;23,4;29,7
104326;;Villanueva;16,0;22,4;19,9;7,3;10,8;21,2;19,8;25,1
;Region XI (Davao Region);;;;;;;;;
112301;Davao del Norte;Asuncion (Saug);18,1;17,0;12,5;9,1;14,4;21,8;14,4;19,5
112303;;Carmen;14,2;14,0;12,3;11,4;11,3;17,0;11,4;16,7
112305;;Kapalong;20,9;23,0;15,9;13,5;15,4;26,4;17,9;28,1
112314;;New Corella;19,6;18,5;14,0;11,1;15,1;24,1;15,1;21,8
112315;;City of Panabo;8,7;9,9;11,3;8,9;7,0;10,3;8,5;11,4
112317;;Island Garden City of Samal;12,3;12,2;10,9;8,3;10,1;14,5;10,6;13,9
112318;;Santo Tomas;12,1;10,7;14,9;11,7;9,1;15,0;8,6;12,7
112319;;City of Tagum;5,5;8,4;15,6;7,0;4,1;6,9;7,5;9,4
112322;;Talaingod;49,6;38,4;14,3;12,6;37,9;61,2;30,5;46,4
112323;;Braulio E. Dujali;11,4;13,0;23,9;18,2;6,9;15,9;9,1;16,9
112324;;San Isidro;25,1;19,0;13,9;12,3;19,4;30,9;15,1;22,8
112401;Davao del Sur;Bansalan;17,3;14,0;12,2;10,5;13,8;20,7;11,6;16,4
112403;;City of Digos;5,5;8,9;16,3;10,7;4,0;6,9;7,3;10,5
112404;;Hagonoy;14,1;15,5;11,8;8,5;11,4;16,9;13,3;17,6
112406;;Kiblawan;29,9;21,4;11,3;10,5;24,3;35,5;17,8;25,1
112407;;Magsaysay;23,5;21,3;10,4;6,7;19,5;27,6;19,0;23,7
112408;;Malalag;17,4;19,2;12,0;9,7;14,0;20,8;16,1;22,3
112410;;Matanao;21,0;17,9;8,2;9,4;18,2;23,9;15,1;20,6
112411;;Padada;9,5;11,0;15,0;14,9;7,2;11,8;8,3;13,7
112412;;Santa Cruz;20,7;18,2;13,4;8,9;16,2;25,3;15,6;20,9
112414;;Sulop;16,1;16,0;11,8;11,1;13,0;19,3;13,1;18,9
112501;Davao Oriental;Baganga;36,4;26,2;5,6;7,4;33,0;39,7;23,0;29,4
112502;;Banaybanay;26,1;25,3;5,7;11,8;23,6;28,5;20,4;30,2
112503;;Boston;29,5;23,1;12,9;13,2;23,3;35,7;18,1;28,2
112504;;Caraga;40,0;33,5;9,1;9,0;34,1;46,0;28,5;38,4
112505;;Cateel;32,7;30,6;9,5;7,9;27,6;37,8;26,6;34,5
112506;;Governor Generoso;35,1;31,5;9,6;7,8;29,5;40,6;27,5;35,6
112507;;Lupon;26,1;24,7;10,5;7,2;21,5;30,6;21,8;27,7
112508;;Manay;37,1;35,2;11,9;8,4;29,8;44,3;30,3;40,0
112509;;City of Mati;21,5;21,8;9,8;5,8;18,0;25,0;19,7;23,9
112510;;San Isidro;31,2;24,3;9,0;11,2;26,6;35,9;19,8;28,8
112511;;Tarragona;38,2;34,5;10,9;8,2;31,4;45,0;29,8;39,1
118201;Davao de Oro;Compostela;25,3;17,2;5,9;9,1;22,8;27,7;14,6;19,8
118202;;Laak (San Vicente);24,9;22,6;5,8;8,0;22,5;27,3;19,6;25,5
118203;;Mabini (Doña Alicia);22,6;21,7;14,1;11,8;17,4;27,8;17,5;25,9
118204;;Maco;19,8;17,2;7,8;9,8;17,3;22,4;14,4;19,9
118205;;Maragusan (San Mariano);22,7;19,4;10,4;10,2;18,9;26,6;16,1;22,6
118206;;Mawab;18,1;15,9;14,5;12,5;13,7;22,4;12,6;19,1
118207;;Monkayo;28,0;23,3;9,0;7,7;23,9;32,2;20,4;26,2
118208;;Montevista;27,9;18,5;10,0;7,7;23,3;32,4;16,2;20,9
118209;;Nabunturan;17,5;13,7;11,7;12,5;14,1;20,9;10,9;16,5
118210;;New Bataan;25,6;19,2;11,6;12,0;20,7;30,5;15,4;23,0
118211;;Pantukan;27,8;29,8;13,7;7,2;21,5;34,0;26,3;33,3
118601;Davao Occidental;Don Marcelino;37,9;42,0;11,1;6,1;31,0;44,8;37,8;46,2
118602;;Jose Abad Santos (Trinidad);47,2;55,3;7,7;4,0;41,2;53,1;51,7;58,9
118603;;Malita;35,8;35,7;8,6;3,9;30,8;40,9;33,4;37,9
118604;;Santa Maria;31,7;26,4;10,5;5,9;26,2;37,2;23,8;29,0
118605;;Sarangani;35,5;29,0;11,9;8,5;28,5;42,4;25,0;33,1
;Region XII (SOCCSKSARGEN);;;;;;;;;
124701;Cotabato;Alamada;44,3;48,0;11,4;6,6;36,1;52,5;42,7;53,2
124702;;Carmen;39,3;40,5;12,4;6,4;31,2;47,4;36,3;44,8
124703;;Kabacan;24,2;29,2;13,9;8,6;18,6;29,8;25,0;33,3
124704;;City of Kidapawan;14,0;20,8;16,0;6,4;10,2;17,8;18,6;23,0
124705;;Libungan;25,2;30,9;15,6;10,0;18,8;31,6;25,8;36,0
124706;;Magpet;41,7;33,5;9,3;8,9;35,3;48,1;28,6;38,4
124707;;Makilala;20,3;28,2;12,7;9,7;16,0;24,6;23,7;32,7
124708;;Matalam;35,9;34,9;8,3;7,2;31,0;40,8;30,7;39,0
124709;;Midsayap;24,7;27,2;11,6;5,7;19,9;29,5;24,6;29,7
124710;;M'lang;20,6;28,3;14,8;7,5;15,7;25,5;24,8;31,8
124711;;Pigkawayan;33,2;41,1;8,1;8,1;28,8;37,6;35,6;46,6
124712;;Pikit;44,0;40,6;7,5;5,8;38,6;49,4;36,7;44,5
124713;;President Roxas;37,5;38,5;9,2;9,0;31,7;43,3;32,8;44,2
124714;;Tulunan;35,4;30,9;9,3;7,9;30,0;40,8;26,9;35,0
124715;;Antipas;28,6;26,4;16,0;12,2;21,0;36,2;21,1;31,7
124716;;Banisilan;43,0;41,6;9,2;8,6;36,4;49,6;35,7;47,6
124717;;Aleosan;47,1;39,9;9,2;7,9;40,0;54,2;34,7;45,1
124718;;Arakan;42,1;36,7;8,8;8,0;36,0;48,2;31,9;41,6
126302;South Cotabato;Banga;19,5;20,0;15,5;8,5;14,6;24,4;17,2;22,8
126306;;City of Koronadal;12,1;11,8;16,7;10,5;8,8;15,4;9,7;13,8
126311;;Norala;24,6;18,8;15,7;13,1;18,2;31,0;14,8;22,9
126312;;Polomolok;15,0;14,5;19,3;10,0;10,2;19,8;12,1;16,9
126313;;Surallah;17,9;18,6;16,4;13,0;13,0;22,8;14,6;22,5
126314;;Tampakan;30,9;18,2;13,3;16,6;24,2;37,6;13,3;23,2
126315;;Tantangan;26,8;21,3;15,3;10,6;20,1;33,5;17,6;25,1
126316;;T'boli;45,7;36,1;8,1;10,3;39,6;51,8;29,9;42,2
126317;;Tupi;22,5;22,4;17,9;10,4;15,9;29,1;18,5;26,2
126318;;Santo Nino;17,3;17,7;20,5;14,3;11,5;23,1;13,5;21,9
126319;;Lake Sebu;49,3;42,1;10,5;10,1;40,8;57,9;35,1;49,1
126501;Sultan Kudarat;Bagumbayan;33,1;34,5;11,7;6,8;26,7;39,5;30,6;38,4
126502;;Columbio;36,2;45,0;13,0;12,3;28,5;43,9;35,9;54,1
126503;;Esperanza;27,5;29,4;11,4;9,5;22,4;32,6;24,9;34,0
126504;;Isulan;20,6;20,6;17,4;11,3;14,7;26,5;16,7;24,4
126505;;Kalamansig;42,2;37,8;9,0;9,7;36,0;48,5;31,8;43,9
126506;;Lebak;34,7;35,1;9,1;8,2;29,4;40,0;30,4;39,9
126507;;Lutayan;39,9;41,0;13,2;12,3;31,2;48,6;32,7;49,3
126508;;Lambayong;34,6;32,8;9,8;12,7;29,0;40,2;25,9;39,7
126509;;Palimbang;60,5;54,1;6,8;9,0;53,8;67,2;46,0;62,1
126510;;President Quirino;26,7;28,5;13,3;13,7;20,8;32,6;22,1;34,9
126511;;City of Tacurong;10,3;15,4;19,8;7,8;7,0;13,6;13,4;17,4
126512;;Sen. Ninoy Aquino;38,2;34,2;8,9;8,1;32,6;43,8;29,7;38,8
128001;Sarangani;Alabel;29,2;34,7;16,0;8,0;21,5;36,9;30,1;39,3
128002;;Glan;39,3;45,2;7,8;5,6;34,2;44,4;41,1;49,4
128003;;Kiamba;33,4;29,6;12,0;8,4;26,8;40,0;25,5;33,6
128004;;Maasim;41,9;39,0;11,6;7,8;34,0;49,8;34,0;44,0
128005;;Maitum;38,6;26,7;8,7;10,9;33,0;44,2;21,9;31,4
128006;;Malapatan;45,7;52,9;10,5;4,5;37,8;53,6;49,0;56,8
128007;;Malungon;34,2;37,8;9,9;6,3;28,6;39,8;33,8;41,7
;Region XIII (Caraga);;;;;;;;;
160201;Agusan del Norte;Buenavista;24,8;32,2;8,4;5,9;21,4;28,2;29,1;35,3
160203;;City of Cabadbaran;19,0;27,9;10,7;6,0;15,7;22,4;25,2;30,7
160204;;Carmen;27,2;32,6;14,1;11,6;20,9;33,5;26,4;38,8
160205;;Jabonga;31,3;38,2;9,7;7,0;26,3;36,3;33,7;42,6
160206;;Kitcharao;23,9;30,5;12,4;10,8;19,0;28,7;25,1;36,0
160207;;Las Nieves;37,2;42,4;7,5;6,6;32,7;41,8;37,8;47,1
160208;;Magallanes;21,0;31,4;15,4;7,7;15,7;26,3;27,4;35,3
160209;;Nasipit;19,7;28,6;10,6;6,9;16,3;23,1;25,3;31,8
160210;;Santiago;28,7;41,8;14,9;8,7;21,7;35,7;35,8;47,7
160211;;Tubay;28,8;38,0;10,2;8,7;24,0;33,7;32,6;43,5
160212;;Remedios T. Romualdez;27,7;34,0;12,2;11,0;22,2;33,3;27,9;40,1
160301;Agusan del Sur;City of Bayugan;31,5;31,9;7,5;6,0;27,6;35,4;28,7;35,1
160302;;Bunawan;30,3;32,3;13,6;10,7;23,6;37,1;26,7;38,0
160303;;Esperanza;45,7;44,1;5,1;5,1;41,9;49,5;40,4;47,8
160304;;La Paz;50,1;48,1;7,3;7,3;44,1;56,1;42,3;53,8
160305;;Loreto;44,4;45,3;7,9;7,1;38,6;50,2;40,0;50,6
160306;;Prosperidad;34,2;37,6;7,6;6,1;30,0;38,5;33,8;41,4
160307;;Rosario;35,4;33,6;12,7;12,0;28,0;42,8;27,0;40,2
160308;;San Francisco;25,7;28,8;9,5;7,4;21,7;29,7;25,3;32,3
160309;;San Luis;47,3;48,0;7,2;6,9;41,8;52,9;42,5;53,4
160310;;Santa Josefa;31,0;29,9;10,4;11,9;25,7;36,3;24,0;35,7
160311;;Talacogon;36,2;42,8;9,8;8,1;30,4;42,0;37,1;48,5
160312;;Trento;29,6;28,2;13,0;8,5;23,3;35,9;24,3;32,1
160313;;Veruela;39,9;39,4;8,7;7,2;34,2;45,5;34,7;44,0
160314;;Sibagat;40,2;41,2;8,5;6,5;34,6;45,8;36,7;45,6
166701;Surigao del Norte;Alegria;37,4;30,5;8,5;10,7;32,1;42,6;25,2;35,9
166702;;Bacuag;31,8;32,2;11,9;8,9;25,5;38,0;27,5;36,9
166704;;Burgos;31,6;25,9;14,3;19,7;24,1;39,0;17,5;34,3
166706;;Claver;32,3;24,4;7,9;10,5;28,1;36,5;20,2;28,6
166707;;Dapa;38,1;30,9;6,6;10,3;34,0;42,3;25,7;36,2
166708;;Del Carmen;35,5;30,6;8,0;10,4;30,9;40,2;25,4;35,9
166710;;General Luna;40,7;27,7;7,0;11,4;36,0;45,4;22,5;32,9
166711;;Gigaquit;39,2;34,6;9,8;9,6;32,9;45,5;29,2;40,1
166714;;Mainit;39,0;31,3;8,1;9,6;33,8;44,1;26,3;36,2
166715;;Malimono;35,2;31,8;9,6;10,7;29,6;40,7;26,2;37,4
166716;;Pilar;37,4;28,6;8,7;12,2;32,1;42,7;22,8;34,4
166717;;Placer;32,7;29,5;9,2;10,5;27,7;37,6;24,4;34,6
166718;;San Benito;38,7;30,8;11,9;16,3;31,2;46,3;22,6;39,1
166719;;San Francisco (Anao-Aon);32,1;26,2;10,5;11,8;26,6;37,6;21,1;31,3
166720;;San Isidro;36,8;31,5;10,1;14,1;30,7;42,9;24,2;38,8
166721;;Santa Monica (Sapao);33,7;27,0;10,9;12,5;27,6;39,7;21,5;32,5
166722;;Sison;36,2;28,8;9,4;13,9;30,7;41,8;22,2;35,3
166723;;Socorro;32,0;29,0;13,0;13,5;25,2;38,8;22,5;35,4
166724;;City of Surigao;24,7;24,9;6,0;7,0;22,3;27,2;22,0;27,8
166725;;Tagana-an;37,2;30,2;8,3;11,9;32,1;42,3;24,3;36,1
166727;;Tubod;29,4;26,5;10,9;13,0;24,1;34,6;20,8;32,2
166801;;Barobo;33,2;31,7;11,0;7,0;27,2;39,2;28,0;35,4
166802;;Bayabas;31,1;37,5;15,5;11,7;23,2;39,0;30,3;44,8
166803;;City of Bislig;21,6;28,1;12,5;7,0;17,2;26,0;24,9;31,4
166804;;Cagwait;28,0;36,5;11,6;8,3;22,6;33,3;31,5;41,4
166805;;Cantilan;19,2;25,4;10,7;11,4;15,8;22,5;20,7;30,2
166806;;Carmen;27,3;29,6;15,3;17,6;20,5;34,2;21,0;38,1
166807;;Carrascal;23,0;22,9;15,6;12,9;17,1;29,0;18,1;27,8
166808;Surigao del Sur;Cortes;28,4;33,3;13,5;10,8;22,1;34,7;27,4;39,2
166809;;Hinatuan;31,3;32,0;8,0;8,4;27,2;35,4;27,6;36,5
166810;;Lanuza;29,5;30,9;10,5;11,4;24,4;34,6;25,0;36,7
166811;;Lianga;30,0;33,5;10,2;9,4;25,0;35,1;28,3;38,7
166812;;Lingig;36,3;32,2;9,1;10,5;30,9;41,8;26,6;37,7
166813;;Madrid;21,5;23,3;12,1;11,5;17,2;25,7;18,9;27,7
166814;;Marihatag;37,8;37,3;8,8;9,7;32,4;43,3;31,3;43,2
166815;;San Agustin;32,0;34,7;10,6;9,7;26,4;37,6;29,1;40,2
166816;;San Miguel;38,8;38,1;8,1;7,5;33,7;43,9;33,4;42,7
166817;;Tagbina;32,7;31,1;7,6;7,5;28,6;36,7;27,2;34,9
166818;;Tago;29,7;28,0;7,8;9,2;25,9;33,5;23,7;32,2
166819;;City of Tandag;19,1;20,8;10,6;8,8;15,8;22,5;17,8;23,8
168501;Dinagat Islands;Basilisa (Rizal);33,2;45,6;7,4;5,6;29,2;37,3;41,4;49,8
168502;;Cagdianao;36,8;39,0;8,7;9,3;31,5;42,1;33,0;45,0
168503;;Dinagat;35,3;30,8;10,3;8,8;29,3;41,3;26,3;35,3
168504;;Libjo (Albor);38,5;34,2;8,9;10,3;32,9;44,1;28,4;40,0
168505;;Loreto;31,5;30,0;9,9;14,1;26,4;36,6;23,1;37,0
168506;;San Jose;27,6;22,5;9,1;10,8;23,5;31,7;18,5;26,5
168507;;Tubajon;35,7;34,8;12,4;13,5;28,5;43,0;27,1;42,6
;Bangsamoro Autonomous Region in Muslim Mindanao (BARMM);;;;;;;;;
150702;Basilan;City of Lamitan;52,7;36,0;6,3;6,4;47,3;58,2;32,2;39,8
150703;;Lantawan;64,7;58,5;6,8;7,6;57,5;71,9;51,2;65,9
150704;;Maluso;72,8;59,8;5,0;5,4;66,7;78,8;54,5;65,1
150705;;Sumisip;72,2;48,9;4,3;6,2;67,1;77,3;43,9;53,9
150706;;Tipo-Tipo;76,6;62,3;5,3;5,9;69,9;83,3;56,3;68,3
150707;;Tuburan;75,5;61,8;6,9;7,7;67,0;84,1;54,0;69,6
150708;;Akbar;70,1;64,9;9,4;9,3;59,3;81,0;54,9;74,8
150709;;Al-barka;73,6;67,3;5,0;5,7;67,6;79,6;60,9;73,6
150710;;Hadji Mohammad Ajul;81,6;68,5;6,5;6,6;73,0;90,3;61,0;76,0
150711;;Ungkaya Pukan;76,8;57,4;5,3;8,3;70,1;83,4;49,5;65,2
150712;;Hadji Muhtamad;75,2;67,6;5,9;8,1;67,8;82,5;58,6;76,5
150713;;Tabuan-Lasa;85,9;73,4;4,1;6,2;80,2;91,6;66,0;80,9
153601;Lanao del Sur;Bacolod-Kalawi;66,6;21,6;5,4;13,1;60,7;72,6;17,0;26,3
153602;;Balabagan;73,5;32,4;4,5;16,7;68,0;78,9;23,5;41,3
153603;;Balindong (Watu);67,4;25,5;3,7;12,4;63,3;71,4;20,3;30,7
153604;;Bayang;70,4;18,5;3,9;10,2;65,9;74,9;15,4;21,6
153605;;Binidayan;69,8;19,8;5,1;12,7;64,0;75,6;15,6;23,9
153606;;Bubong;67,3;20,6;4,4;13,3;62,4;72,1;16,1;25,1
153607;;Butig;80,7;23,1;5,4;16,3;73,5;87,9;16,9;29,3
153609;;Ganassi;74,2;23,6;3,8;13,3;69,5;78,9;18,5;28,8
153610;;Kapai;88,9;17,5;2,7;17,5;85,0;92,9;12,5;22,5
153611;;Lumba-Bayabao (Maguing);76,6;19,3;2,9;13,6;72,9;80,2;15,0;23,6
153612;;Lumbatan;76,9;26,5;4,4;10,7;71,3;82,4;21,8;31,2
153613;;Madalum;74,0;21,1;3,2;14,8;70,1;77,9;15,9;26,2
153614;;Madamba;76,5;23,5;4,4;14,3;70,9;82,0;18,0;29,1
153615;;Malabang;71,0;10,8;3,7;22,8;66,7;75,4;6,8;14,9
153616;;Marantao;67,3;26,3;4,0;11,8;62,8;71,7;21,2;31,4
153617;;City of Marawi;63,2;20,4;3,6;15,2;59,5;66,9;15,3;25,5
153618;;Masiu;74,9;18,4;2,9;23,0;71,3;78,5;11,5;25,4
153619;;Mulondo;78,2;40,3;3,5;15,7;73,7;82,7;30,0;50,7
153620;;Pagayawan (Tatarikan);89,6;20,1;2,9;18,2;85,2;93,9;14,0;26,1
153621;;Piagapo;83,9;15,6;2,5;22,4;80,6;87,3;9,9;21,4
153622;;Poona Bayabao (Gata);72,3;15,4;4,4;17,1;67,1;77,4;11,1;19,7
153623;;Pualas;75,9;26,3;4,2;13,0;70,7;81,1;20,6;31,9
153624;;Ditsaan-Ramain;73,0;25,3;3,6;14,5;68,7;77,3;19,3;31,4
153625;;Saguiaran;75,3;21,8;3,8;20,3;70,6;79,9;14,5;29,0
153626;;Tamparan;73,6;19,9;3,5;14,2;69,4;77,8;15,3;24,5
153627;;Taraka;72,9;19,4;4,5;19,0;67,5;78,2;13,4;25,5
153628;;Tubaran;78,3;20,2;4,0;15,5;73,1;83,5;15,1;25,3
153629;;Tugaya;70,3;26,3;5,1;14,2;64,4;76,3;20,1;32,4
153630;;Wao;65,1;22,9;4,4;12,7;60,3;69,8;18,1;27,6
153631;;Marogong;86,6;42,2;3,6;10,2;81,4;91,7;35,1;49,3
153632;;Calanogas;86,1;24,7;3,2;11,9;81,6;90,6;19,9;29,6
153633;;Buadiposo-Buntong;66,9;23,1;3,9;18,5;62,6;71,2;16,1;30,2
153634;;Maguing;76,1;28,3;3,4;11,9;71,8;80,3;22,7;33,8
153635;;Sultan Gumander;86,6;24,7;3,3;19,6;81,9;91,3;16,7;32,7
153636;;Lumbayanague;76,5;23,7;4,0;22,3;71,5;81,5;15,0;32,3
153637;;Bumbaran;75,7;32,0;4,7;12,5;69,9;81,6;25,4;38,5
153638;;Tagoloan II;85,0;18,9;3,1;15,3;80,7;89,3;14,2;23,7
153639;;Kapatagan;85,2;27,3;3,3;20,6;80,6;89,8;18,0;36,5
153640;;Sultan Dumalondong;88,1;31,9;4,9;22,2;81,0;95,1;20,3;43,6
153641;;Lumbaca-Unayan;82,3;24,4;4,7;21,1;75,9;88,7;15,9;32,9
153801;Maguindanao;Ampatuan;58,9;32,9;12,4;14,9;46,9;70,9;24,8;41,0
153802;;Buldon;66,8;44,1;9,0;12,6;56,9;76,7;34,9;53,2
153803;;Buluan;63,9;26,9;16,5;20,2;46,5;81,3;17,9;35,8
153805;;Datu Paglas;65,1;38,2;9,1;13,5;55,3;74,8;29,7;46,7
153806;;Datu Piang;52,1;40,6;17,2;18,5;37,4;66,9;28,3;53,0
153807;;Datu Odin Sinsuat (Dinaig);48,0;30,9;9,0;12,6;40,9;55,1;24,5;37,4
153808;;Shariff Aguak (Maganoy);62,9;37,6;12,1;18,4;50,4;75,3;26,3;49,0
153809;;Matanog;64,7;51,4;11,6;9,9;52,4;77,0;43,0;59,8
153810;;Pagalungan;61,2;44,2;12,0;15,9;49,1;73,2;32,6;55,8
153811;;Parang;49,1;24,1;11,8;13,5;39,5;58,6;18,8;29,4
153812;;Sultan Kudarat (Nuling);58,9;37,2;7,6;8,3;51,6;66,2;32,1;42,3
153813;;Sultan Sa Barongis (Lambayong);67,1;49,5;9,8;10,6;56,3;77,9;40,9;58,2
153814;;Kabuntalan (Tumbao);68,5;42,3;8,1;12,0;59,4;77,6;34,0;50,6
153815;;Upi;51,0;39,1;7,9;9,9;44,3;57,6;32,7;45,5
153816;;Talayan;70,8;52,8;9,4;10,8;59,9;81,7;43,4;62,1
153817;;South Upi;60,4;51,5;12,0;11,6;48,5;72,3;41,6;61,3
153818;;Barira;65,7;40,9;9,0;14,0;55,9;75,4;31,5;50,3
153819;;Gen. S. K. Pendatun;73,8;43,2;5,9;13,1;66,6;80,9;33,9;52,5
153820;;Mamasapano;72,6;47,2;8,9;13,6;62,0;83,3;36,6;57,7
153821;;Talitay;68,7;41,1;9,6;19,0;57,8;79,6;28,2;53,9
153822;;Pagagawan;67,5;41,8;8,4;12,2;58,2;76,9;33,4;50,1
153823;;Paglat;72,8;48,4;8,8;11,8;62,2;83,3;39,0;57,8
153824;;Sultan Mastura;59,8;35,3;9,6;16,6;50,3;69,2;25,7;44,9
153825;;Guindulungan;70,6;45,2;8,9;12,4;60,3;81,0;36,0;54,4
153826;;Datu Saudi-Ampatuan;62,3;44,2;11,5;14,2;50,6;74,1;33,9;54,6
153827;;Datu Unsay;67,6;41,1;11,0;18,6;55,4;79,8;28,5;53,7
153828;;Datu Abdullah Sangki;67,1;25,4;8,2;20,5;58,1;76,2;16,8;33,9
153829;;Rajah Buayan;73,3;38,8;6,9;13,1;64,9;81,6;30,4;47,1
153830;;Datu Blah T. Sinsuat;70,4;48,1;7,7;12,7;61,6;79,3;38,1;58,2
153831;;Datu Anggal Midtimbang;69,5;36,2;11,4;18,5;56,5;82,5;25,2;47,3
153832;;Mangudadatu;52,0;37,6;15,0;13,7;39,2;64,8;29,1;46,1
153833;;Pandag;70,2;48,4;10,2;11,2;58,4;81,9;39,5;57,4
153834;;Northern Kabuntalan;65,5;40,3;9,7;16,6;55,0;76,0;29,3;51,3
153835;;Datu Hoffer Ampatuan;70,3;51,5;7,1;13,1;62,1;78,5;40,4;62,7
153836;;Datu Salibo;59,3;38,2;12,1;19,9;47,5;71,1;25,7;50,6
153837;;Shariff Saydona Mustapha;66,3;40,5;7,4;14,1;58,2;74,4;31,1;49,9
156601;Sulu;Indanan;69,8;42,4;6,7;8,2;62,2;77,4;36,8;48,1
156602;;Jolo;58,9;53,1;10,1;10,3;49,2;68,7;44,2;62,1
156603;;Kalingalan Caluang;78,7;61,4;6,3;9,5;70,6;86,9;51,9;71,0
156604;;Luuk;78,3;56,6;6,4;15,6;70,1;86,6;42,1;71,2
156605;;Maimbung;71,2;51,6;6,3;6,9;63,8;78,6;45,8;57,4
156606;;Hadji Panglima Tahil (Marunggas);78,5;64,1;7,9;5,4;68,3;88,7;58,5;69,8
156607;;Old Panamao;84,7;50,4;3,5;12,2;79,9;89,6;40,3;60,6
156608;;Pangutaran;76,8;62,3;4,8;4,8;70,7;82,8;57,4;67,3
156609;;Parang;77,2;69,7;2,9;7,3;73,5;80,9;61,3;78,1
156610;;Pata;87,3;57,7;3,8;7,9;81,9;92,8;50,2;65,2
156611;;Patikul;59,1;61,2;7,4;9,4;51,9;66,3;51,8;70,7
156612;;Siasi;70,9;54,1;3,3;10,5;67,1;74,8;44,7;63,4
156613;;Talipao;82,6;54,1;2,4;5,7;79,4;85,9;49,0;59,2
156614;;Tapul;76,8;70,7;4,9;6,0;70,7;82,9;63,8;77,7
156615;;Tongkil;80,7;63,0;4,8;9,3;74,4;87,0;53,4;72,7
156616;;Panglima Estino (New Panamao);85,4;68,3;4,5;5,8;79,1;91,7;61,7;74,9
156617;;Lugus;75,5;61,2;5,3;7,9;68,9;82,1;53,3;69,1
156618;;Pandami;70,1;61,9;6,5;8,0;62,6;77,5;53,8;70,1
156619;;Omar;79,4;68,5;6,1;8,2;71,4;87,4;59,2;77,8
157001;Tawi-tawi;Panglima Sugala (Balimbing);27,5;41,9;15,6;7,8;20,5;34,6;36,6;47,3
157002;;Bongao;17,3;22,1;16,8;7,6;12,5;22,1;19,3;24,8
157003;;Mapun (Cagayan De Tawi-Tawi);18,8;38,2;22,1;16,7;12,0;25,7;27,7;48,7
157004;;Simunul;14,6;26,8;27,6;10,9;8,0;21,3;22,0;31,6
157005;;Sitangkai;24,0;57,6;26,3;10,4;13,6;34,4;47,8;67,5
157006;;South Ubian;16,4;43,5;17,7;7,4;11,7;21,2;38,2;48,8
157007;;Tandubas;23,9;41,6;18,4;7,6;16,7;31,2;36,3;46,8
157008;;Turtle Islands;18,6;35,1;47,3;46,1;4,1;33,0;8,5;61,7
157009;;Languyan;17,0;39,7;20,0;6,5;11,4;22,6;35,5;43,9
157010;;Sapa-Sapa;24,8;37,2;17,2;7,9;17,8;31,8;32,4;42,0
157011;;Sibutu;20,9;30,1;18,6;9,7;14,5;27,3;25,3;34,9
Source: Philippine Statistics Authority, through a national government-funded project on the generation of the small area estimates of poverty;;;;;;;;;;
;;;;;;;;;;
;;;;;;;;;;
Notes:  ;;;;;;;;;;
1. The standard deviation of an estimate can be derived by multiplying the poverty incidence and coefficient of variation then divide by 100.;;;;;;;;;;
2. The Municipality of Bumbaran, Lanao del Sur was renamed as Municipality of Amai Manabilang per Muslim Mindanao Autonomy Acto No. 316, series of 2014 and was ratified through a plebiscite on 07 April 2018.;;;;;;;;;;